parcode,trial,fix_item,fix_time
0,0,0,230
0,0,1,310
0,0,0,260
0,0,2,230
0,0,0,210
0,0,1,160
0,1,0,600
0,1,1,310
0,1,0,210
0,1,2,230
0,1,0,260
0,1,1,340
0,1,0,260
0,1,2,290
0,1,0,260
0,1,1,350
0,1,0,260
0,1,2,310
0,1,0,210
0,1,1,290
0,1,0,210
0,1,2,180
0,1,0,210
0,1,1,190
0,1,0,210
0,1,2,190
0,1,0,210
0,1,1,190
0,1,0,260
0,1,2,310
0,1,0,260
0,1,1,160
0,2,0,240
0,2,1,310
0,2,0,210
0,2,2,230
0,2,0,210
0,2,1,350
0,2,0,260
0,2,2,110
0,3,0,460
0,3,1,310
0,3,0,210
0,3,2,230
0,3,0,210
0,3,1,350
0,3,0,260
0,3,2,390
0,3,0,260
0,3,1,180
0,3,0,210
0,3,2,310
0,3,0,260
0,3,1,340
0,3,0,260
0,3,2,20
0,4,0,440
0,4,1,310
0,4,0,210
0,4,2,200
0,5,0,680
0,5,1,310
0,5,0,260
0,5,2,50
0,6,0,380
0,6,1,310
0,6,0,260
0,6,2,230
0,6,0,260
0,6,1,310
0,6,0,260
0,6,2,390
0,6,0,260
0,6,1,250
0,6,0,260
0,6,2,390
0,6,0,260
0,6,1,180
0,6,0,260
0,6,2,180
0,6,0,260
0,6,1,570
0,6,0,260
0,6,2,350
0,6,0,210
0,6,1,310
0,6,0,260
0,6,2,390
0,6,0,260
0,6,1,290
0,6,0,210
0,6,2,250
0,6,0,210
0,6,1,570
0,6,0,210
0,6,2,390
0,6,0,260
0,6,1,190
0,6,0,130
0,7,0,380
0,7,1,310
0,7,0,260
0,7,2,230
0,7,0,210
0,7,1,390
0,7,0,210
0,7,2,290
0,7,0,260
0,7,1,350
0,7,0,260
0,7,2,390
0,7,0,260
0,7,1,390
0,7,0,10
0,8,0,270
0,8,1,310
0,8,0,210
0,8,2,230
0,8,0,260
0,8,1,10
0,9,0,390
0,9,1,310
0,9,0,260
0,9,2,230
0,9,0,260
0,9,1,290
0,9,0,210
0,9,2,180
0,9,0,260
0,9,1,240
0,10,0,330
0,10,1,310
0,10,0,210
0,10,2,230
0,10,0,260
0,10,1,150
0,11,0,250
0,11,1,310
0,11,0,210
0,11,2,230
0,11,0,210
0,11,1,180
0,11,0,260
0,11,2,180
0,11,0,260
0,11,1,250
0,11,0,210
0,11,2,50
0,12,0,230
0,12,1,310
0,12,0,260
0,12,2,70
0,13,0,280
0,13,1,310
0,13,0,210
0,13,2,230
0,13,0,210
0,13,1,350
0,13,0,260
0,13,2,190
0,13,0,210
0,13,1,190
0,13,0,260
0,13,2,190
0,13,0,260
0,13,1,350
0,13,0,260
0,13,2,190
0,13,0,210
0,13,1,190
0,13,0,210
0,13,2,340
0,13,0,260
0,13,1,350
0,13,0,210
0,13,2,250
0,13,0,260
0,13,1,390
0,13,0,210
0,13,2,190
0,13,0,210
0,13,1,290
0,13,0,260
0,13,2,250
0,13,0,210
0,13,1,340
0,13,0,210
0,13,2,180
0,13,0,260
0,13,1,570
0,13,0,260
0,13,2,250
0,13,0,210
0,13,1,340
0,13,0,260
0,13,2,310
0,13,0,260
0,13,1,180
0,14,0,260
0,14,1,310
0,14,0,210
0,14,2,230
0,14,0,260
0,14,1,390
0,14,0,210
0,14,2,350
0,14,0,260
0,14,1,340
0,14,0,260
0,14,2,310
0,14,0,210
0,15,0,270
0,15,1,310
0,15,0,260
0,15,2,230
0,15,0,210
0,15,1,350
0,15,0,260
0,15,2,290
0,15,0,210
0,15,1,350
0,15,0,20
0,16,0,370
0,16,1,310
0,16,0,210
0,16,2,70
0,17,0,270
0,17,1,310
0,17,0,110
0,18,0,240
0,18,1,310
0,18,0,210
0,18,2,230
0,18,0,260
0,18,1,290
0,18,0,210
0,18,2,340
0,18,0,210
0,18,1,350
0,18,0,210
0,18,2,340
0,18,0,210
0,18,1,190
0,18,0,210
0,18,2,340
0,18,0,210
0,18,1,160
0,19,0,260
0,19,1,310
0,19,0,210
0,19,2,230
0,19,0,260
0,19,1,570
0,19,0,260
0,19,2,570
0,19,0,260
0,19,1,180
0,19,0,210
0,19,2,340
0,19,0,260
0,19,1,350
0,19,0,210
0,19,2,240
0,20,0,240
0,20,1,310
0,20,0,260
0,20,2,230
0,20,0,260
0,20,1,570
0,20,0,150
0,21,0,460
0,21,1,310
0,21,0,260
0,21,2,230
0,21,0,210
0,21,1,310
0,21,0,210
0,21,2,340
0,21,0,170
0,22,0,280
0,22,1,310
0,22,0,160
0,23,0,270
0,23,1,310
0,23,0,210
0,23,2,230
0,23,0,260
0,23,1,290
0,23,0,210
0,23,2,310
0,23,0,210
0,23,1,390
0,23,0,260
0,23,2,290
0,23,0,260
0,23,1,310
0,23,0,50
0,24,0,330
0,24,1,310
0,24,0,260
0,24,2,230
0,24,0,260
0,24,1,290
0,24,0,210
0,24,2,350
0,24,0,260
0,24,1,190
0,24,0,210
0,24,2,340
0,24,0,210
0,24,1,570
0,24,0,260
0,24,2,180
0,24,0,210
0,24,1,310
0,24,0,260
0,24,2,290
0,24,0,260
0,24,1,390
0,24,0,210
0,24,2,250
0,24,0,260
0,24,1,350
0,24,0,260
0,24,2,340
0,24,0,210
0,24,1,290
0,24,0,210
0,24,2,390
0,24,0,210
0,24,1,190
0,24,0,260
0,24,2,110
0,25,0,280
0,25,1,130
0,26,0,250
0,26,1,310
0,26,0,260
0,26,2,230
0,26,0,260
0,26,1,250
0,26,0,210
0,26,2,350
0,26,0,260
0,26,1,310
0,26,0,210
0,26,2,290
0,26,0,260
0,26,1,10
0,27,0,370
0,27,1,310
0,27,0,210
0,27,2,230
0,27,0,210
0,27,1,570
0,27,0,210
0,27,2,570
0,27,0,210
0,27,1,290
0,27,0,260
0,27,2,290
0,27,0,210
0,27,1,290
0,27,0,260
0,27,2,390
0,27,0,260
0,27,1,190
0,27,0,210
0,27,2,390
0,27,0,210
0,27,1,180
0,27,0,260
0,27,2,340
0,27,0,70
0,28,0,440
0,28,1,310
0,28,0,10
0,29,0,260
0,29,1,310
0,29,0,210
0,29,2,230
0,29,0,210
0,29,1,340
0,29,0,260
0,29,2,390
0,29,0,260
0,29,1,570
0,29,0,210
0,29,2,570
0,29,0,260
0,29,1,340
0,29,0,260
0,29,2,180
0,29,0,260
0,29,1,570
0,29,0,260
0,29,2,30
0,30,0,380
0,30,1,310
0,30,0,210
0,30,2,230
0,30,0,210
0,30,1,350
0,30,0,260
0,30,2,70
0,31,0,260
0,31,1,310
0,31,0,210
0,31,2,230
0,31,0,260
0,31,1,390
0,31,0,210
0,31,2,180
0,31,0,210
0,31,1,180
0,31,0,210
0,31,2,570
0,31,0,230
0,32,0,240
0,32,1,310
0,32,0,260
0,32,2,230
0,32,0,210
0,32,1,250
0,32,0,260
0,32,2,340
0,32,0,210
0,32,1,250
0,32,0,260
0,32,2,290
0,32,0,260
0,32,1,290
0,32,0,260
0,32,2,180
0,32,0,210
0,32,1,290
0,32,0,260
0,32,2,180
0,32,0,210
0,32,1,290
0,32,0,210
0,32,2,340
0,32,0,260
0,32,1,390
0,32,0,260
0,32,2,290
0,32,0,260
0,32,1,350
0,32,0,210
0,32,2,350
0,32,0,210
0,32,1,290
0,32,0,260
0,32,2,390
0,32,0,260
0,32,1,190
0,32,0,210
0,32,2,290
0,32,0,210
0,32,1,390
0,32,0,210
0,32,2,570
0,32,0,210
0,32,1,390
0,32,0,210
0,32,2,190
0,32,0,260
0,32,1,570
0,32,0,210
0,32,2,250
0,32,0,260
0,32,1,350
0,32,0,210
0,32,2,30
0,33,0,240
0,33,1,310
0,33,0,210
0,33,2,230
0,33,0,260
0,33,1,200
0,34,0,370
0,34,1,310
0,34,0,210
0,34,2,130
0,35,0,380
0,35,1,310
0,35,0,260
0,35,2,230
0,35,0,80
0,36,0,250
0,36,1,310
0,36,0,260
0,36,2,230
0,36,0,210
0,36,1,120
0,37,0,380
0,37,1,310
0,37,0,260
0,37,2,230
0,37,0,210
0,37,1,180
0,37,0,160
0,38,0,270
0,38,1,310
0,38,0,260
0,38,2,230
0,38,0,110
0,39,0,260
0,39,1,310
0,39,0,260
0,39,2,230
0,39,0,260
0,39,1,100
0,40,0,260
0,40,1,310
0,40,0,210
0,40,2,230
0,40,0,210
0,40,1,340
0,40,0,210
0,40,2,190
0,40,0,210
0,40,1,250
0,40,0,210
0,40,2,180
0,40,0,210
0,40,1,340
0,40,0,210
0,40,2,340
0,40,0,210
0,40,1,190
0,40,0,260
0,40,2,290
0,40,0,260
0,40,1,270
0,41,0,380
0,41,1,310
0,41,0,210
0,41,2,230
0,41,0,210
0,41,1,250
0,41,0,140
0,42,0,270
0,42,1,310
0,42,0,260
0,42,2,230
0,42,0,260
0,42,1,290
0,42,0,260
0,42,2,350
0,42,0,260
0,42,1,390
0,42,0,160
0,43,0,260
0,43,1,310
0,43,0,210
0,43,2,230
0,43,0,210
0,43,1,390
0,43,0,260
0,43,2,350
0,43,0,260
0,43,1,290
0,43,0,260
0,43,2,570
0,43,0,260
0,43,1,290
0,43,0,260
0,43,2,180
0,43,0,220
0,44,0,370
0,44,1,310
0,44,0,260
0,44,2,230
0,44,0,260
0,44,1,180
0,44,0,210
0,44,2,280
0,45,0,330
0,45,1,310
0,45,0,50
0,46,0,260
0,46,1,310
0,46,0,210
0,46,2,230
0,46,0,210
0,46,1,570
0,46,0,210
0,46,2,250
0,46,0,30
0,47,0,240
0,47,1,310
0,47,0,210
0,47,2,230
0,47,0,210
0,47,1,570
0,47,0,180
0,48,0,370
0,48,1,310
0,48,0,260
0,48,2,230
0,48,0,260
0,48,1,250
0,48,0,260
0,48,2,340
0,48,0,210
0,48,1,190
0,48,0,260
0,48,2,340
0,48,0,260
0,48,1,570
0,48,0,210
0,48,2,250
0,48,0,260
0,48,1,390
0,48,0,260
0,48,2,110
0,49,0,270
0,49,1,310
0,49,0,260
0,49,2,230
0,49,0,10
0,50,0,240
0,50,1,310
0,50,0,260
0,50,2,230
0,50,0,260
0,50,1,90
0,51,0,300
0,51,1,310
0,51,0,260
0,51,2,230
0,51,0,210
0,51,1,250
0,51,0,210
0,51,2,570
0,51,0,260
0,51,1,50
0,52,0,440
0,52,1,310
0,52,0,210
0,52,2,230
0,52,0,210
0,52,1,180
0,52,0,260
0,52,2,390
0,52,0,210
0,52,1,390
0,52,0,260
0,52,2,390
0,52,0,260
0,52,1,310
0,52,0,260
0,52,2,570
0,52,0,260
0,52,1,110
0,53,0,260
0,53,1,310
0,53,0,210
0,53,2,230
0,53,0,210
0,53,1,570
0,53,0,210
0,53,2,290
0,53,0,210
0,53,1,310
0,53,0,190
0,54,0,370
0,54,1,310
0,54,0,260
0,54,2,230
0,54,0,210
0,54,1,180
0,54,0,210
0,54,2,340
0,54,0,160
0,55,0,370
0,55,1,310
0,55,0,210
0,55,2,230
0,55,0,260
0,55,1,210
0,56,0,600
0,57,0,370
0,57,1,310
0,57,0,210
0,57,2,230
0,57,0,210
0,57,1,390
0,57,0,210
0,57,2,290
0,57,0,210
0,57,1,350
0,57,0,210
0,57,2,190
0,57,0,260
0,57,1,190
0,57,0,210
0,57,2,250
0,57,0,210
0,57,1,350
0,57,0,210
0,57,2,390
0,57,0,210
0,57,1,180
0,57,0,210
0,57,2,290
0,57,0,210
0,57,1,40
0,58,0,270
0,58,1,310
0,58,0,210
0,58,2,230
0,58,0,210
0,58,1,150
0,59,0,230
0,59,1,310
0,59,0,260
0,59,2,230
0,59,0,260
0,59,1,350
0,59,0,150
0,60,0,460
0,60,1,310
0,60,0,260
0,60,2,230
0,60,0,260
0,60,1,310
0,60,0,210
0,60,2,290
0,60,0,260
0,60,1,310
0,60,0,210
0,60,2,180
0,60,0,210
0,60,1,290
0,60,0,260
0,60,2,340
0,60,0,210
0,60,1,290
0,60,0,210
0,60,2,250
0,60,0,210
0,60,1,350
0,60,0,10
0,61,0,260
0,61,1,310
0,61,0,260
0,61,2,230
0,61,0,260
0,61,1,180
0,61,0,210
0,61,2,570
0,61,0,260
0,61,1,290
0,61,0,260
0,61,2,290
0,62,0,680
0,62,1,310
0,62,0,210
0,62,2,230
0,62,0,260
0,62,1,390
0,62,0,210
0,62,2,180
0,62,0,210
0,62,1,250
0,62,0,260
0,62,2,290
0,62,0,210
0,62,1,350
0,62,0,210
0,62,2,310
0,62,0,210
0,62,1,180
0,62,0,260
0,62,2,350
0,62,0,260
0,62,1,20
0,63,0,380
0,63,1,310
0,63,0,260
0,63,2,230
0,63,0,40
0,64,0,240
0,64,1,250
0,65,0,240
0,65,1,310
0,65,0,260
0,65,2,230
0,65,0,260
0,65,1,250
0,65,0,210
0,65,2,180
0,65,0,260
0,65,1,250
0,65,0,210
0,65,2,250
0,65,0,210
0,65,1,240
0,66,0,250
0,66,1,310
0,66,0,210
0,66,2,230
0,66,0,260
0,66,1,60
0,67,0,240
0,67,1,240
0,68,0,270
0,68,1,310
0,68,0,260
0,68,2,230
0,68,0,260
0,68,1,190
0,68,0,260
0,68,2,300
0,69,0,270
0,69,1,310
0,69,0,210
0,69,2,120
0,70,0,370
0,70,1,310
0,70,0,210
0,70,2,230
0,70,0,260
0,70,1,570
0,70,0,260
0,70,2,390
0,70,0,110
0,71,0,260
0,71,1,310
0,71,0,210
0,71,2,230
0,71,0,260
0,71,1,190
0,72,0,280
0,72,1,310
0,72,0,260
0,72,2,230
0,72,0,260
0,72,1,310
0,72,0,210
0,72,2,290
0,72,0,210
0,72,1,350
0,72,0,260
0,72,2,570
0,72,0,210
0,72,1,250
0,72,0,210
0,72,2,250
0,72,0,210
0,72,1,180
0,72,0,260
0,72,2,180
0,72,0,210
0,72,1,250
0,72,0,20
0,73,0,460
0,73,1,310
0,73,0,210
0,73,2,230
0,73,0,260
0,73,1,180
0,73,0,210
0,73,2,130
0,74,0,240
0,74,1,310
0,74,0,260
0,74,2,230
0,74,0,260
0,74,1,350
0,74,0,260
0,74,2,190
0,74,0,210
0,74,1,190
0,74,0,260
0,74,2,180
0,74,0,260
0,74,1,390
0,74,0,150
0,75,0,380
0,75,1,310
0,75,0,260
0,75,2,140
0,76,0,680
0,76,1,310
0,76,0,260
0,76,2,230
0,76,0,260
0,76,1,290
0,76,0,260
0,76,2,310
0,76,0,260
0,76,1,180
0,76,0,260
0,76,2,290
0,76,0,260
0,76,1,180
0,76,0,210
0,76,2,340
0,76,0,260
0,76,1,570
0,76,0,260
0,76,2,310
0,77,0,370
0,77,1,310
0,77,0,210
0,77,2,230
0,77,0,260
0,77,1,190
0,77,0,210
0,77,2,180
0,77,0,260
0,77,1,390
0,77,0,260
0,77,2,340
0,77,0,260
0,77,1,350
0,77,0,210
0,77,2,230
0,78,0,260
0,78,1,310
0,78,0,260
0,78,2,230
0,78,0,210
0,78,1,340
0,79,0,260
0,79,1,310
0,79,0,210
0,79,2,230
0,79,0,210
0,79,1,190
0,79,0,260
0,79,2,290
0,79,0,260
0,79,1,190
0,79,0,260
0,79,2,250
0,79,0,210
0,79,1,390
0,79,0,210
0,79,2,350
0,79,0,210
0,79,1,250
0,79,0,260
0,79,2,390
0,79,0,260
0,79,1,310
0,79,0,260
0,79,2,290
0,79,0,210
0,79,1,190
0,79,0,260
0,79,2,340
0,79,0,260
0,79,1,290
0,79,0,210
0,79,2,250
0,79,0,210
0,79,1,190
0,79,0,260
0,79,2,310
0,79,0,130
0,80,0,240
0,80,1,310
0,80,0,210
0,80,2,230
0,80,0,260
0,80,1,210
0,81,0,270
0,81,1,310
0,81,0,260
0,81,2,230
0,81,0,210
0,81,1,310
0,81,0,60
0,82,0,440
0,82,1,310
0,82,0,210
0,82,2,230
0,82,0,210
0,82,1,290
0,82,0,210
0,82,2,570
0,82,0,210
0,82,1,350
0,82,0,210
0,82,2,250
0,82,0,210
0,82,1,310
0,82,0,210
0,82,2,180
0,82,0,210
0,82,1,310
0,82,0,210
0,82,2,250
0,82,0,210
0,82,1,190
0,82,0,210
0,82,2,350
0,82,0,260
0,82,1,570
0,82,0,210
0,82,2,350
0,82,0,210
0,82,1,530
0,83,0,600
0,83,1,310
0,83,0,260
0,83,2,230
0,83,0,260
0,83,1,190
0,83,0,260
0,83,2,60
0,84,0,680
0,84,1,310
0,84,0,210
0,84,2,230
0,84,0,260
0,84,1,570
0,84,0,260
0,84,2,310
0,84,0,260
0,84,1,80
0,85,0,270
0,85,1,310
0,85,0,260
0,85,2,230
0,85,0,210
0,85,1,340
0,85,0,260
0,85,2,310
0,85,0,210
0,85,1,390
0,85,0,260
0,85,2,60
0,86,0,270
0,86,1,310
0,86,0,210
0,86,2,230
0,86,0,210
0,86,1,180
0,86,0,210
0,86,2,290
0,87,0,330
0,87,1,310
0,87,0,260
0,87,2,230
0,87,0,260
0,87,1,310
0,87,0,210
0,87,2,250
0,87,0,260
0,87,1,180
0,87,0,210
0,87,2,190
0,87,0,210
0,87,1,350
0,87,0,260
0,87,2,180
0,87,0,260
0,87,1,390
0,87,0,210
0,87,2,390
0,87,0,210
0,87,1,340
0,87,0,210
0,87,2,190
0,87,0,260
0,87,1,290
0,87,0,260
0,87,2,350
0,87,0,210
0,87,1,390
0,87,0,260
0,87,2,350
0,87,0,210
0,87,1,190
0,87,0,260
0,87,2,290
0,87,0,260
0,87,1,350
0,87,0,260
0,87,2,390
0,87,0,210
0,87,1,310
0,87,0,210
0,87,2,390
0,87,0,210
0,87,1,190
0,87,0,260
0,87,2,390
0,87,0,210
0,87,1,310
0,87,0,210
0,87,2,350
0,87,0,260
0,87,1,250
0,87,0,50
0,88,0,300
0,88,1,310
0,88,0,260
0,88,2,70
0,89,0,260
0,89,1,310
0,89,0,260
0,89,2,230
0,89,0,210
0,89,1,290
0,89,0,260
0,89,2,350
0,89,0,260
0,89,1,340
0,89,0,260
0,89,2,50
0,90,0,680
0,90,1,310
0,90,0,210
0,90,2,230
0,90,0,210
0,90,1,390
0,90,0,200
0,91,0,260
0,91,1,310
0,91,0,260
0,91,2,230
0,91,0,260
0,91,1,350
0,91,0,260
0,91,2,290
0,91,0,210
0,91,1,290
0,91,0,210
0,91,2,350
0,91,0,210
0,91,1,180
0,91,0,260
0,91,2,310
0,91,0,260
0,91,1,250
0,91,0,210
0,91,2,190
0,91,0,210
0,91,1,310
0,91,0,260
0,91,2,180
0,91,0,260
0,91,1,390
0,91,0,210
0,91,2,570
0,91,0,260
0,91,1,310
0,91,0,210
0,91,2,350
0,91,0,60
0,92,0,250
0,92,1,310
0,92,0,260
0,92,2,230
0,92,0,260
0,92,1,190
0,92,0,210
0,92,2,180
0,92,0,260
0,92,1,310
0,92,0,210
0,92,2,190
0,92,0,210
0,92,1,310
0,92,0,260
0,92,2,340
0,92,0,210
0,92,1,570
0,92,0,260
0,92,2,390
0,92,0,90
0,93,0,370
0,93,1,140
0,94,0,260
0,94,1,310
0,94,0,260
0,94,2,230
0,94,0,210
0,94,1,190
0,94,0,210
0,94,2,390
0,94,0,260
0,94,1,350
0,94,0,100
0,95,0,280
0,95,1,310
0,95,0,260
0,95,2,230
0,95,0,210
0,95,1,330
0,96,0,260
0,96,1,310
0,96,0,260
0,96,2,230
0,96,0,210
0,96,1,340
0,96,0,260
0,96,2,310
0,96,0,260
0,96,1,390
0,96,0,210
0,96,2,180
0,96,0,260
0,96,1,190
0,96,0,210
0,96,2,310
0,96,0,260
0,96,1,310
0,96,0,260
0,96,2,190
0,96,0,260
0,96,1,190
0,96,0,260
0,96,2,180
0,96,0,230
0,97,0,240
0,97,1,310
0,97,0,260
0,97,2,230
0,97,0,210
0,97,1,290
0,97,0,200
0,98,0,240
0,98,1,310
0,98,0,260
0,98,2,230
0,98,0,210
0,98,1,570
0,98,0,260
0,98,2,250
0,98,0,210
0,98,1,290
0,98,0,210
0,98,2,390
0,98,0,260
0,98,1,280
0,99,0,330
0,99,1,310
0,99,0,210
0,99,2,230
0,99,0,260
0,99,1,160
0,100,0,240
0,100,1,140
0,100,0,260
0,100,2,190
0,100,0,210
0,100,1,330
0,100,0,210
0,100,2,350
0,100,0,260
0,100,1,260
0,100,0,170
0,101,0,440
0,101,1,140
0,101,0,210
0,101,2,260
0,101,0,260
0,101,1,290
0,102,0,280
0,102,1,140
0,102,0,210
0,102,2,210
0,103,0,260
0,103,1,140
0,103,0,210
0,103,2,190
0,103,0,260
0,103,1,320
0,103,0,210
0,103,2,160
0,104,0,260
0,104,1,140
0,104,0,260
0,104,2,150
0,105,0,270
0,105,1,140
0,105,0,260
0,105,2,260
0,105,0,260
0,105,1,530
0,105,0,260
0,105,2,180
0,106,0,230
0,106,1,140
0,106,0,210
0,106,2,300
0,106,0,260
0,106,1,180
0,106,0,100
0,107,0,600
0,107,1,140
0,107,0,210
0,107,2,410
0,107,0,260
0,107,1,230
0,107,0,260
0,107,2,180
0,107,0,260
0,107,1,320
0,107,0,210
0,107,2,410
0,107,0,210
0,107,1,390
0,107,0,260
0,107,2,210
0,107,0,210
0,107,1,300
0,107,0,210
0,107,2,360
0,107,0,210
0,107,1,270
0,107,0,210
0,107,2,220
0,107,0,210
0,107,1,490
0,107,0,260
0,107,2,600
0,107,0,210
0,107,1,250
0,108,0,300
0,108,1,140
0,108,0,260
0,108,2,300
0,109,0,260
0,109,1,140
0,109,0,210
0,109,2,380
0,109,0,210
0,109,1,450
0,109,0,260
0,109,2,250
0,109,0,260
0,109,1,80
0,110,0,240
0,110,1,140
0,110,0,260
0,110,2,240
0,110,0,90
0,111,0,280
0,111,1,140
0,111,0,210
0,111,2,380
0,111,0,210
0,111,1,160
0,112,0,270
0,112,1,140
0,112,0,100
0,113,0,440
0,113,1,140
0,113,0,260
0,113,2,190
0,113,0,260
0,113,1,300
0,113,0,260
0,113,2,180
0,113,0,210
0,113,1,310
0,113,0,260
0,113,2,160
0,113,0,260
0,113,1,300
0,113,0,260
0,113,2,220
0,113,0,210
0,113,1,290
0,113,0,210
0,113,2,390
0,113,0,210
0,113,1,260
0,113,0,210
0,113,2,200
0,113,0,260
0,113,1,430
0,113,0,260
0,113,2,450
0,113,0,260
0,113,1,330
0,113,0,260
0,113,2,100
0,113,0,260
0,113,1,420
0,113,0,260
0,113,2,260
0,113,0,140
0,114,0,260
0,114,1,140
0,114,0,260
0,114,2,300
0,114,0,210
0,114,1,250
0,114,0,260
0,114,2,170
0,114,0,90
0,115,0,390
0,115,1,140
0,115,0,260
0,115,2,230
0,115,0,210
0,115,1,340
0,115,0,210
0,115,2,460
0,115,0,260
0,115,1,220
0,115,0,210
0,115,2,300
0,115,0,210
0,115,1,480
0,115,0,210
0,115,2,110
0,116,0,380
0,116,1,140
0,116,0,10
0,117,0,390
0,117,1,140
0,117,0,210
0,117,2,380
0,117,0,260
0,117,1,170
0,117,0,210
0,117,2,170
0,117,0,190
0,118,0,240
0,118,1,140
0,118,0,260
0,118,2,250
0,118,0,210
0,118,1,610
0,118,0,260
0,118,2,370
0,118,0,260
0,118,1,210
0,118,0,210
0,118,2,360
0,118,0,260
0,118,1,340
0,118,0,210
0,118,2,160
0,118,0,260
0,118,1,280
0,118,0,260
0,118,2,470
0,118,0,210
0,118,1,40
0,119,0,250
0,119,1,140
0,119,0,210
0,119,2,250
0,119,0,260
0,119,1,420
0,119,0,260
0,119,2,130
0,120,0,280
0,120,1,140
0,120,0,210
0,120,2,230
0,120,0,210
0,120,1,430
0,120,0,210
0,120,2,350
0,120,0,210
0,120,1,430
0,120,0,210
0,120,2,290
0,120,0,260
0,120,1,560
0,120,0,260
0,120,2,170
0,120,0,210
0,120,1,270
0,120,0,260
0,120,2,440
0,120,0,210
0,120,1,280
0,120,0,150
0,121,0,390
0,121,1,140
0,121,0,210
0,121,2,120
0,122,0,260
0,122,1,140
0,122,0,140
0,123,0,330
0,123,1,140
0,123,0,260
0,123,2,260
0,123,0,260
0,123,1,170
0,123,0,260
0,123,2,290
0,123,0,210
0,123,1,180
0,123,0,260
0,123,2,510
0,123,0,210
0,123,1,110
0,124,0,240
0,124,1,140
0,124,0,260
0,124,2,410
0,124,0,140
0,125,0,230
0,125,1,140
0,125,0,200
0,126,0,240
0,126,1,140
0,126,0,260
0,126,2,190
0,126,0,260
0,126,1,330
0,126,0,210
0,126,2,600
0,126,0,210
0,126,1,170
0,126,0,260
0,126,2,440
0,126,0,260
0,126,1,250
0,126,0,260
0,126,2,260
0,126,0,210
0,126,1,210
0,127,0,260
0,127,1,140
0,127,0,210
0,127,2,260
0,127,0,210
0,127,1,340
0,127,0,210
0,127,2,270
0,127,0,210
0,127,1,330
0,127,0,260
0,127,2,280
0,127,0,210
0,127,1,260
0,127,0,220
0,128,0,240
0,128,1,140
0,128,0,210
0,128,2,300
0,128,0,260
0,128,1,330
0,128,0,260
0,128,2,260
0,128,0,260
0,128,1,210
0,128,0,210
0,128,2,180
0,128,0,260
0,128,1,250
0,128,0,260
0,128,2,330
0,129,0,680
0,129,1,140
0,129,0,260
0,129,2,360
0,130,0,680
0,130,1,140
0,130,0,260
0,130,2,380
0,130,0,210
0,130,1,190
0,131,0,370
0,131,1,140
0,131,0,210
0,131,2,410
0,131,0,210
0,131,1,430
0,131,0,40
0,132,0,260
0,132,1,140
0,132,0,260
0,132,2,190
0,132,0,210
0,132,1,250
0,132,0,260
0,132,2,360
0,132,0,210
0,132,1,320
0,132,0,260
0,132,2,380
0,132,0,210
0,132,1,410
0,132,0,210
0,132,2,320
0,132,0,260
0,132,1,430
0,132,0,100
0,133,0,600
0,133,1,140
0,133,0,260
0,133,2,410
0,133,0,260
0,133,1,420
0,133,0,260
0,133,2,80
0,134,0,680
0,134,1,140
0,134,0,210
0,134,2,410
0,134,0,260
0,134,1,460
0,134,0,210
0,134,2,360
0,134,0,210
0,134,1,200
0,134,0,260
0,134,2,160
0,135,0,280
0,135,1,140
0,135,0,240
0,136,0,330
0,136,1,140
0,136,0,260
0,136,2,220
0,137,0,330
0,137,1,140
0,137,0,260
0,137,2,410
0,137,0,260
0,137,1,390
0,138,0,240
0,138,1,140
0,138,0,260
0,138,2,380
0,138,0,130
0,139,0,260
0,139,1,140
0,139,0,210
0,139,2,270
0,139,0,210
0,140,0,240
0,140,1,140
0,140,0,210
0,140,2,230
0,140,0,210
0,140,1,410
0,140,0,260
0,140,2,100
0,140,0,260
0,140,1,320
0,140,0,210
0,140,2,300
0,140,0,260
0,140,1,320
0,140,0,210
0,140,2,390
0,140,0,210
0,140,1,180
0,140,0,210
0,140,2,140
0,141,0,460
0,141,1,140
0,141,0,260
0,141,2,190
0,141,0,210
0,141,1,320
0,141,0,210
0,141,2,460
0,141,0,210
0,141,1,430
0,141,0,260
0,141,2,240
0,141,0,210
0,141,1,760
0,141,0,260
0,141,2,230
0,141,0,260
0,141,1,110
0,142,0,260
0,142,1,140
0,142,0,210
0,142,2,110
0,143,0,240
0,143,1,140
0,143,0,260
0,143,2,280
0,143,0,210
0,143,1,450
0,143,0,210
0,143,2,100
0,143,0,40
0,144,0,390
0,144,1,140
0,144,0,260
0,144,2,200
0,144,0,210
0,144,1,270
0,144,0,260
0,144,2,220
0,144,0,210
0,144,1,320
0,144,0,260
0,144,2,170
0,144,0,260
0,144,1,220
0,144,0,260
0,144,2,180
0,144,0,260
0,144,1,240
0,144,0,260
0,144,2,250
0,144,0,140
0,145,0,260
0,145,1,140
0,145,0,260
0,145,2,190
0,145,0,210
0,145,1,260
0,145,0,80
0,146,0,240
0,146,1,140
0,146,0,210
0,146,2,380
0,146,0,210
0,146,1,260
0,147,0,250
0,147,1,140
0,147,0,260
0,147,2,380
0,147,0,210
0,147,1,530
0,147,0,260
0,147,2,390
0,147,0,210
0,147,1,260
0,147,0,260
0,147,2,490
0,148,0,240
0,148,1,130
0,149,0,260
0,149,1,140
0,149,0,260
0,149,2,260
0,149,0,260
0,149,1,100
0,150,0,270
0,150,1,140
0,150,0,210
0,150,2,270
0,150,0,210
0,150,1,390
0,150,0,260
0,150,2,100
0,150,0,210
0,150,1,420
0,150,0,260
0,150,2,440
0,150,0,210
0,150,1,280
0,150,0,260
0,150,2,160
0,150,0,210
0,150,1,430
0,150,0,260
0,150,2,170
0,150,0,260
0,150,1,430
0,150,0,210
0,150,2,440
0,150,0,260
0,150,1,390
0,151,0,270
0,151,1,140
0,151,0,260
0,151,2,250
0,151,0,210
0,151,1,220
0,152,0,260
0,152,1,140
0,152,0,260
0,152,2,190
0,152,0,210
0,152,1,300
0,152,0,210
0,152,2,150
0,153,0,270
0,153,1,140
0,153,0,210
0,153,2,250
0,153,0,210
0,153,1,760
0,153,0,210
0,153,2,210
0,153,0,260
0,153,1,180
0,153,0,260
0,153,2,80
0,154,0,240
0,154,1,140
0,154,0,260
0,154,2,260
0,154,0,90
0,155,0,390
0,155,1,140
0,155,0,210
0,155,2,190
0,155,0,260
0,155,1,240
0,155,0,210
0,155,2,1090
0,155,0,260
0,155,1,340
0,155,0,260
0,155,2,350
0,155,0,260
0,155,1,200
0,155,0,260
0,155,2,220
0,155,0,210
0,155,1,330
0,155,0,260
0,155,2,440
0,155,0,260
0,155,1,20
0,156,0,260
0,156,1,140
0,156,0,260
0,156,2,250
0,156,0,260
0,156,1,220
0,156,0,210
0,156,2,190
0,156,0,260
0,156,1,450
0,156,0,210
0,156,2,350
0,156,0,210
0,156,1,230
0,156,0,260
0,156,2,260
0,156,0,210
0,156,1,300
0,156,0,260
0,156,2,410
0,156,0,260
0,156,1,300
0,156,0,210
0,156,2,320
0,156,0,210
0,156,1,280
0,156,0,210
0,156,2,380
0,156,0,260
0,156,1,330
0,156,0,260
0,156,2,360
0,156,0,260
0,156,1,270
0,156,0,210
0,156,2,260
0,156,0,210
0,156,1,250
0,156,0,210
0,156,2,790
0,157,0,250
0,157,1,140
0,157,0,260
0,157,2,190
0,157,0,210
0,157,1,430
0,157,0,260
0,157,2,370
0,157,0,210
0,157,1,270
0,157,0,210
0,157,2,440
0,157,0,260
0,157,1,240
0,157,0,260
0,157,2,470
0,157,0,210
0,157,1,330
0,157,0,210
0,157,2,360
0,157,0,210
0,157,1,50
0,158,0,280
0,158,1,140
0,158,0,260
0,158,2,380
0,158,0,10
0,159,0,230
0,159,1,140
0,159,0,210
0,159,2,240
0,159,0,260
0,159,1,250
0,159,0,40
0,160,0,260
0,160,1,140
0,160,0,210
0,160,2,300
0,160,0,260
0,160,1,330
0,160,0,210
0,160,2,510
0,160,0,210
0,160,1,200
0,160,0,260
0,160,2,450
0,160,0,260
0,160,1,240
0,160,0,260
0,160,2,250
0,160,0,210
0,160,1,40
0,161,0,380
0,161,1,140
0,161,0,210
0,161,2,380
0,161,0,210
0,161,1,380
0,161,0,210
0,161,2,360
0,161,0,210
0,161,1,230
0,161,0,210
0,161,2,410
0,161,0,210
0,161,1,310
0,161,0,260
0,161,2,240
0,162,0,370
0,162,1,140
0,162,0,260
0,162,2,120
0,163,0,280
0,163,1,140
0,163,0,210
0,163,2,200
0,163,0,210
0,163,1,230
0,163,0,210
0,163,2,100
0,164,0,330
0,164,1,140
0,164,0,210
0,164,2,260
0,164,0,210
0,164,1,190
0,164,0,260
0,164,2,190
0,164,0,210
0,164,1,410
0,164,0,160
0,165,0,270
0,165,1,140
0,165,0,210
0,165,2,260
0,165,0,260
0,165,1,450
0,165,0,260
0,165,2,830
0,166,0,250
0,166,1,140
0,166,0,260
0,166,2,250
0,166,0,260
0,166,1,410
0,166,0,260
0,166,2,260
0,166,0,260
0,166,1,280
0,166,0,210
0,166,2,100
0,166,0,210
0,166,1,300
0,166,0,210
0,166,2,220
0,166,0,210
0,166,1,430
0,166,0,130
0,167,0,280
0,167,1,140
0,167,0,260
0,167,2,280
0,167,0,210
0,167,1,300
0,167,0,260
0,167,2,270
0,167,0,260
0,167,1,120
0,168,0,380
0,168,1,140
0,168,0,210
0,168,2,280
0,168,0,90
0,169,0,230
0,169,1,130
0,170,0,260
0,170,1,140
0,170,0,260
0,170,2,410
0,170,0,260
0,170,1,360
0,170,0,210
0,170,2,380
0,170,0,260
0,170,1,300
0,170,0,210
0,170,2,100
0,170,0,210
0,170,1,160
0,170,0,210
0,170,2,160
0,170,0,260
0,170,1,210
0,170,0,260
0,170,2,440
0,170,0,260
0,170,1,340
0,171,0,270
0,171,1,140
0,171,0,210
0,171,2,270
0,172,0,240
0,172,1,140
0,172,0,210
0,172,2,410
0,172,0,210
0,172,1,430
0,172,0,210
0,172,2,380
0,172,0,260
0,172,1,360
0,172,0,60
0,173,0,270
0,173,1,140
0,173,0,210
0,173,2,380
0,173,0,260
0,173,1,300
0,173,0,210
0,173,2,240
0,173,0,210
0,173,1,330
0,173,0,260
0,173,2,390
0,173,0,260
0,173,1,320
0,173,0,260
0,173,2,440
0,173,0,210
0,173,1,160
0,173,0,210
0,173,2,100
0,173,0,210
0,173,1,280
0,173,0,210
0,173,2,220
0,173,0,210
0,173,1,370
0,173,0,210
0,173,2,320
0,173,0,260
0,173,1,150
0,173,0,260
0,173,2,40
0,174,0,270
0,174,1,140
0,174,0,260
0,174,2,230
0,174,0,260
0,174,1,460
0,174,0,210
0,174,2,380
0,174,0,240
0,175,0,330
0,175,1,140
0,175,0,210
0,175,2,190
0,175,0,260
0,175,1,380
0,175,0,260
0,175,2,640
0,175,0,70
0,176,0,440
0,176,1,140
0,176,0,260
0,176,2,280
0,176,0,260
0,176,1,320
0,176,0,260
0,176,2,450
0,176,0,210
0,176,1,370
0,176,0,210
0,176,2,300
0,176,0,190
0,177,0,390
0,177,1,140
0,177,0,260
0,177,2,240
0,177,0,260
0,177,1,760
0,177,0,210
0,177,2,160
0,177,0,260
0,177,1,110
0,177,0,210
0,177,2,350
0,177,0,210
0,177,1,330
0,177,0,210
0,177,2,380
0,177,0,10
0,178,0,390
0,178,1,140
0,178,0,260
0,178,2,410
0,178,0,210
0,178,1,180
0,179,0,240
0,179,1,140
0,179,0,260
0,179,2,270
0,179,0,210
0,179,1,300
0,179,0,210
0,179,2,460
0,179,0,210
0,179,1,210
0,179,0,30
0,180,0,390
0,180,1,140
0,180,0,210
0,180,2,200
0,180,0,210
0,180,1,290
0,180,0,260
0,180,2,60
0,181,0,280
0,181,1,140
0,181,0,260
0,181,2,410
0,181,0,260
0,181,1,210
0,181,0,210
0,181,2,350
0,181,0,80
0,182,0,260
0,182,1,140
0,182,0,210
0,182,2,410
0,182,0,210
0,182,1,230
0,182,0,210
0,182,2,370
0,182,0,210
0,182,1,230
0,182,0,260
0,182,2,390
0,182,0,200
0,183,0,250
0,183,1,140
0,183,0,260
0,183,2,150
0,184,0,250
0,184,1,140
0,184,0,260
0,184,2,250
0,184,0,260
0,184,1,430
0,184,0,210
0,184,2,290
0,184,0,260
0,184,1,90
0,185,0,260
0,185,1,140
0,185,0,260
0,185,2,280
0,185,0,260
0,185,1,330
0,185,0,210
0,185,2,410
0,185,0,210
0,185,1,270
0,185,0,260
0,185,2,250
0,185,0,260
0,185,1,210
0,186,0,270
0,186,1,140
0,186,0,260
0,186,2,260
0,186,0,210
0,186,1,200
0,186,0,260
0,186,2,210
0,186,0,210
0,186,1,260
0,186,0,260
0,186,2,160
0,186,0,210
0,186,1,250
0,186,0,260
0,186,2,360
0,186,0,210
0,186,1,760
0,186,0,210
0,186,2,360
0,186,0,170
0,187,0,440
0,187,1,10
0,188,0,260
0,188,1,140
0,188,0,210
0,188,2,270
0,188,0,260
0,188,1,250
0,188,0,260
0,188,2,180
0,188,0,210
0,188,1,280
0,189,0,370
0,189,1,140
0,189,0,260
0,189,2,280
0,189,0,210
0,189,1,420
0,189,0,260
0,189,2,150
0,190,0,270
0,190,1,140
0,190,0,260
0,190,2,250
0,190,0,210
0,190,1,260
0,190,0,210
0,190,2,280
0,191,0,440
0,191,1,140
0,191,0,210
0,191,2,250
0,191,0,210
0,191,1,260
0,191,0,210
0,191,2,380
0,191,0,210
0,191,1,440
0,191,0,260
0,191,2,140
0,192,0,280
0,192,1,140
0,192,0,200
0,193,0,300
0,193,1,140
0,193,0,260
0,193,2,240
0,193,0,210
0,193,1,280
0,193,0,250
0,194,0,390
0,194,1,140
0,194,0,260
0,194,2,380
0,194,0,120
0,195,0,260
0,195,1,140
0,195,0,190
0,196,0,380
0,196,1,140
0,196,0,210
0,196,2,200
0,196,0,210
0,196,1,330
0,196,0,180
0,197,0,380
0,197,1,140
0,197,0,260
0,197,2,280
0,197,0,260
0,197,1,320
0,197,0,210
0,197,2,320
0,197,0,260
0,197,1,530
0,197,0,210
0,197,2,180
0,198,0,260
0,198,1,140
0,198,0,210
0,198,2,190
0,198,0,210
0,198,1,40
0,199,0,380
0,199,1,140
0,199,0,210
0,199,2,300
0,199,0,260
0,199,1,760
0,199,0,210
0,199,2,370
0,199,0,260
0,199,1,290
0,199,0,210
0,199,2,330
0,200,0,240
0,200,1,300
0,200,0,210
0,200,2,190
0,200,0,210
0,200,1,240
0,200,0,260
0,200,2,330
0,200,0,210
0,200,1,300
0,201,0,250
0,201,1,130
0,201,0,210
0,201,2,130
0,202,0,240
0,202,1,130
0,202,0,210
0,202,2,190
0,202,0,260
0,202,1,330
0,203,0,240
0,203,1,150
0,203,0,210
0,203,2,190
0,203,0,210
0,203,1,600
0,203,0,260
0,203,2,210
0,203,0,260
0,203,1,350
0,203,0,260
0,203,2,460
0,203,0,260
0,203,1,170
0,203,0,210
0,203,2,200
0,203,0,240
0,204,0,250
0,204,1,320
0,204,0,210
0,204,2,190
0,204,0,260
0,204,1,210
0,204,0,210
0,204,2,240
0,204,0,260
0,204,1,220
0,204,0,100
0,205,0,390
0,205,1,210
0,205,0,260
0,205,2,190
0,205,0,210
0,205,1,300
0,205,0,180
0,206,0,260
0,206,1,280
0,206,0,210
0,206,2,190
0,206,0,260
0,206,1,80
0,207,0,240
0,207,1,150
0,207,0,260
0,207,2,190
0,207,0,210
0,207,1,220
0,208,0,330
0,208,1,270
0,208,0,260
0,208,2,190
0,208,0,180
0,209,0,240
0,209,1,180
0,209,0,260
0,209,2,190
0,209,0,170
0,210,0,370
0,210,1,320
0,210,0,260
0,210,2,190
0,210,0,260
0,210,1,410
0,210,0,260
0,210,2,320
0,210,0,260
0,210,1,350
0,210,0,50
0,211,0,270
0,211,1,150
0,211,0,260
0,211,2,190
0,211,0,260
0,211,1,640
0,211,0,210
0,211,2,320
0,211,0,210
0,211,1,250
0,211,0,210
0,211,2,110
0,211,0,260
0,211,1,460
0,211,0,260
0,211,2,260
0,211,0,210
0,211,1,260
0,211,0,210
0,211,2,320
0,211,0,210
0,211,1,440
0,211,0,210
0,211,2,340
0,211,0,260
0,211,1,1090
0,211,0,260
0,211,2,180
0,211,0,260
0,211,1,170
0,211,0,210
0,211,2,200
0,211,0,260
0,211,1,380
0,211,0,210
0,211,2,270
0,211,0,260
0,211,1,440
0,211,0,210
0,211,2,180
0,211,0,210
0,211,1,180
0,211,0,210
0,211,2,430
0,212,0,440
0,212,1,150
0,212,0,260
0,212,2,190
0,212,0,260
0,212,1,230
0,212,0,260
0,212,2,270
0,212,0,260
0,212,1,250
0,212,0,210
0,212,2,230
0,213,0,240
0,213,1,170
0,213,0,260
0,213,2,190
0,213,0,210
0,213,1,360
0,213,0,150
0,214,0,230
0,214,1,270
0,214,0,210
0,214,2,190
0,214,0,260
0,214,1,440
0,214,0,260
0,214,2,200
0,214,0,260
0,214,1,10
0,215,0,390
0,215,1,240
0,215,0,260
0,215,2,190
0,215,0,260
0,215,1,360
0,215,0,210
0,215,2,260
0,215,0,210
0,215,1,80
0,216,0,380
0,216,1,190
0,216,0,210
0,216,2,190
0,216,0,210
0,216,1,440
0,216,0,210
0,216,2,210
0,216,0,260
0,216,1,320
0,216,0,210
0,216,2,360
0,216,0,210
0,216,1,240
0,216,0,260
0,216,2,330
0,216,0,260
0,216,1,360
0,216,0,240
0,217,0,240
0,217,1,200
0,218,0,600
0,218,1,270
0,218,0,210
0,218,2,190
0,218,0,210
0,218,1,220
0,218,0,210
0,218,2,260
0,218,0,260
0,218,1,160
0,218,0,210
0,218,2,450
0,218,0,260
0,218,1,350
0,218,0,210
0,218,2,560
0,218,0,260
0,218,1,220
0,218,0,40
0,219,0,260
0,219,1,200
0,220,0,380
0,220,1,280
0,220,0,210
0,220,2,190
0,220,0,260
0,220,1,240
0,221,0,390
0,221,1,190
0,221,0,210
0,221,2,190
0,221,0,210
0,221,1,630
0,222,0,380
0,222,1,300
0,222,0,260
0,222,2,190
0,222,0,10
0,223,0,270
0,223,1,150
0,223,0,210
0,223,2,190
0,223,0,260
0,223,1,280
0,223,0,210
0,223,2,240
0,223,0,260
0,223,1,360
0,223,0,110
0,224,0,240
0,224,1,310
0,225,0,260
0,225,1,180
0,225,0,210
0,225,2,190
0,225,0,260
0,225,1,300
0,225,0,260
0,225,2,270
0,225,0,210
0,225,1,210
0,225,0,210
0,225,2,390
0,225,0,260
0,225,1,30
0,226,0,260
0,226,1,190
0,226,0,260
0,226,2,190
0,226,0,210
0,226,1,260
0,226,0,260
0,226,2,210
0,226,0,260
0,226,1,220
0,226,0,260
0,226,2,110
0,226,0,260
0,226,1,200
0,227,0,280
0,227,1,570
0,227,0,260
0,227,2,190
0,227,0,210
0,227,1,360
0,227,0,260
0,227,2,370
0,227,0,260
0,227,1,270
0,227,0,260
0,227,2,250
0,227,0,210
0,227,1,190
0,227,0,210
0,227,2,610
0,227,0,260
0,228,0,300
0,228,1,130
0,228,0,260
0,228,2,190
0,228,0,260
0,228,1,640
0,228,0,70
0,229,0,230
0,229,1,110
0,229,0,210
0,229,2,190
0,229,0,260
0,229,1,460
0,229,0,210
0,229,2,240
0,229,0,190
0,230,0,240
0,230,1,180
0,230,0,210
0,230,2,190
0,230,0,210
0,230,1,1080
0,231,0,260
0,231,1,210
0,231,0,210
0,231,2,190
0,231,0,210
0,231,1,190
0,231,0,210
0,231,2,330
0,231,0,210
0,231,1,260
0,231,0,210
0,231,2,250
0,231,0,260
0,231,1,180
0,231,0,260
0,231,2,390
0,231,0,70
0,232,0,240
0,232,1,570
0,232,0,260
0,232,2,190
0,232,0,210
0,232,1,220
0,232,0,210
0,232,2,190
0,232,0,210
0,232,1,220
0,232,0,210
0,232,2,230
0,232,0,210
0,232,1,160
0,232,0,260
0,232,2,440
0,232,0,110
0,233,0,680
0,233,1,330
0,233,0,260
0,233,2,190
0,233,0,210
0,233,1,220
0,233,0,210
0,233,2,210
0,233,0,260
0,233,1,220
0,233,0,210
0,233,2,240
0,233,0,210
0,233,1,240
0,233,0,210
0,233,2,180
0,233,0,260
0,233,1,350
0,233,0,220
0,234,0,380
0,234,1,190
0,234,0,210
0,234,2,190
0,234,0,260
0,234,1,280
0,234,0,260
0,234,2,120
0,235,0,240
0,235,1,190
0,235,0,210
0,235,2,190
0,235,0,260
0,235,1,190
0,235,0,260
0,235,2,20
0,236,0,270
0,236,1,170
0,236,0,260
0,236,2,190
0,236,0,260
0,236,1,280
0,236,0,260
0,236,2,420
0,236,0,210
0,236,1,170
0,236,0,200
0,237,0,330
0,237,1,180
0,237,0,210
0,237,2,160
0,238,0,380
0,238,1,330
0,238,0,210
0,238,2,190
0,238,0,260
0,238,1,340
0,238,0,260
0,238,2,370
0,238,0,260
0,238,1,220
0,238,0,210
0,238,2,180
0,238,0,260
0,238,1,220
0,238,0,260
0,238,2,180
0,239,0,260
0,239,1,320
0,239,0,260
0,239,2,190
0,239,0,210
0,239,1,250
0,239,0,210
0,239,2,310
0,239,0,260
0,239,1,220
0,240,0,240
0,240,1,280
0,240,0,210
0,240,2,190
0,240,0,260
0,240,1,350
0,240,0,210
0,240,2,390
0,240,0,260
0,240,1,270
0,240,0,210
0,240,2,30
0,241,0,460
0,241,1,190
0,241,0,260
0,241,2,190
0,241,0,210
0,241,1,200
0,241,0,210
0,241,2,110
0,241,0,210
0,241,1,360
0,241,0,210
0,241,2,200
0,241,0,210
0,241,1,450
0,241,0,260
0,241,2,360
0,241,0,210
0,241,1,380
0,241,0,260
0,241,2,310
0,241,0,210
0,241,1,280
0,241,0,210
0,241,2,230
0,241,0,210
0,241,1,200
0,241,0,210
0,241,2,180
0,241,0,210
0,241,1,370
0,241,0,210
0,241,2,440
0,241,0,260
0,241,1,350
0,241,0,210
0,241,2,240
0,241,0,260
0,241,1,220
0,241,0,260
0,241,2,450
0,241,0,210
0,241,1,40
0,242,0,340
0,243,0,440
0,243,1,300
0,243,0,260
0,243,2,190
0,243,0,210
0,243,1,220
0,243,0,260
0,243,2,220
0,243,0,210
0,243,1,20
0,244,0,260
0,244,1,280
0,244,0,210
0,244,2,190
0,244,0,50
0,245,0,680
0,245,1,300
0,245,0,260
0,245,2,190
0,245,0,210
0,245,1,250
0,246,0,260
0,246,1,300
0,246,0,260
0,246,2,190
0,246,0,260
0,246,1,190
0,246,0,260
0,246,2,260
0,246,0,260
0,246,1,460
0,246,0,260
0,246,2,220
0,247,0,270
0,247,1,330
0,247,0,210
0,247,2,190
0,247,0,210
0,247,1,300
0,248,0,230
0,248,1,330
0,248,0,210
0,248,2,190
0,248,0,210
0,248,1,180
0,248,0,210
0,248,2,260
0,249,0,260
0,249,1,240
0,249,0,210
0,249,2,190
0,249,0,210
0,249,1,170
0,249,0,210
0,249,2,410
0,249,0,180
0,250,0,270
0,250,1,320
0,250,0,260
0,250,2,190
0,250,0,210
0,250,1,350
0,250,0,260
0,250,2,240
0,250,0,210
0,250,1,230
0,250,0,210
0,250,2,290
0,251,0,250
0,251,1,110
0,251,0,260
0,251,2,190
0,251,0,260
0,251,1,350
0,251,0,260
0,251,2,440
0,251,0,260
0,251,1,330
0,252,0,280
0,252,1,280
0,252,0,210
0,252,2,190
0,252,0,210
0,252,1,600
0,252,0,260
0,252,2,150
0,252,0,260
0,252,1,460
0,252,0,210
0,252,2,390
0,252,0,150
0,253,0,460
0,253,1,110
0,253,0,210
0,253,2,190
0,253,0,210
0,253,1,1090
0,253,0,210
0,253,2,440
0,253,0,210
0,253,1,220
0,253,0,260
0,253,2,60
0,254,0,230
0,254,1,570
0,254,0,210
0,254,2,190
0,254,0,210
0,254,1,350
0,254,0,200
0,255,0,240
0,255,1,210
0,255,0,210
0,255,2,190
0,255,0,210
0,255,1,350
0,255,0,210
0,255,2,370
0,255,0,260
0,255,1,410
0,255,0,210
0,255,2,250
0,255,0,210
0,255,1,350
0,255,0,210
0,255,2,360
0,255,0,210
0,255,1,190
0,255,0,210
0,256,0,600
0,256,1,110
0,256,0,210
0,256,2,190
0,256,0,210
0,256,1,350
0,256,0,260
0,256,2,420
0,256,0,210
0,256,1,370
0,256,0,210
0,256,2,300
0,256,0,40
0,257,0,680
0,257,1,330
0,257,0,260
0,257,2,190
0,257,0,210
0,257,1,340
0,257,0,260
0,257,2,290
0,257,0,210
0,257,1,230
0,257,0,260
0,257,2,390
0,257,0,210
0,257,1,360
0,257,0,210
0,257,2,340
0,257,0,260
0,257,1,350
0,257,0,160
0,258,0,260
0,258,1,330
0,258,0,210
0,258,2,190
0,258,0,260
0,258,1,350
0,258,0,260
0,258,2,480
0,258,0,260
0,258,1,320
0,258,0,260
0,258,2,190
0,258,0,260
0,258,1,210
0,258,0,260
0,258,2,200
0,258,0,260
0,258,1,370
0,259,0,260
0,259,1,330
0,259,0,210
0,259,2,190
0,259,0,260
0,259,1,90
0,260,0,390
0,260,1,300
0,260,0,210
0,260,2,190
0,260,0,260
0,260,1,250
0,260,0,120
0,261,0,280
0,261,1,180
0,261,0,210
0,261,2,190
0,261,0,260
0,261,1,180
0,261,0,210
0,261,2,300
0,261,0,260
0,261,1,250
0,261,0,260
0,261,2,230
0,261,0,210
0,261,1,180
0,261,0,260
0,261,2,670
0,261,0,210
0,261,1,90
0,262,0,240
0,262,1,330
0,262,0,190
0,263,0,230
0,263,1,150
0,263,0,260
0,263,2,190
0,263,0,260
0,263,1,140
0,264,0,260
0,264,1,110
0,264,0,210
0,264,2,190
0,264,0,260
0,264,1,180
0,264,0,210
0,264,2,670
0,264,0,260
0,264,1,280
0,264,0,210
0,264,2,130
0,265,0,330
0,265,1,130
0,265,0,210
0,265,2,190
0,265,0,210
0,265,1,350
0,265,0,210
0,265,2,180
0,265,0,210
0,265,1,320
0,265,0,260
0,265,2,390
0,265,0,260
0,265,1,100
0,265,0,210
0,265,2,260
0,265,0,260
0,265,1,160
0,265,0,210
0,265,2,160
0,265,0,210
0,265,1,340
0,265,0,210
0,265,2,230
0,265,0,260
0,265,1,320
0,265,0,210
0,265,2,270
0,265,0,210
0,265,1,190
0,265,0,260
0,265,2,320
0,265,0,260
0,265,1,340
0,265,0,210
0,265,2,230
0,265,0,210
0,265,1,510
0,265,0,260
0,265,2,480
0,265,0,210
0,265,1,170
0,265,0,260
0,265,2,430
0,265,0,260
0,265,1,160
0,265,0,260
0,265,2,450
0,265,0,210
0,265,1,100
0,265,0,210
0,265,2,390
0,265,0,210
0,265,1,390
0,265,0,260
0,265,2,270
0,265,0,210
0,265,1,280
0,265,0,210
0,265,2,240
0,265,0,260
0,265,1,350
0,265,0,260
0,265,2,330
0,265,0,260
0,265,1,160
0,265,0,210
0,265,2,530
0,265,0,210
0,265,1,360
0,265,0,210
0,265,2,440
0,265,0,210
0,265,1,320
0,265,0,210
0,265,2,300
0,265,0,260
0,265,1,250
0,265,0,210
0,265,2,270
0,265,0,260
0,265,1,220
0,265,0,260
0,265,2,430
0,265,0,260
0,265,1,180
0,265,0,260
0,265,2,240
0,265,0,260
0,265,1,180
0,265,0,210
0,265,2,330
0,265,0,260
0,265,1,140
0,266,0,300
0,266,1,110
0,266,0,210
0,266,2,190
0,266,0,210
0,266,1,190
0,266,0,210
0,266,2,270
0,266,0,210
0,266,1,260
0,266,0,210
0,266,2,200
0,266,0,260
0,266,1,130
0,267,0,300
0,267,1,570
0,267,0,260
0,267,2,190
0,267,0,210
0,267,1,320
0,267,0,210
0,267,2,240
0,267,0,210
0,267,1,100
0,267,0,60
0,268,0,330
0,268,1,190
0,268,0,260
0,268,2,190
0,268,0,210
0,269,0,250
0,269,1,150
0,269,0,210
0,269,2,190
0,269,0,260
0,269,1,280
0,269,0,210
0,269,2,200
0,269,0,90
0,270,0,680
0,270,1,150
0,270,0,210
0,270,2,190
0,270,0,210
0,270,1,210
0,270,0,260
0,270,2,430
0,270,0,210
0,270,1,190
0,270,0,210
0,270,2,80
0,271,0,260
0,271,1,190
0,271,0,210
0,271,2,190
0,271,0,260
0,271,1,210
0,272,0,260
0,272,1,150
0,272,0,210
0,272,2,190
0,272,0,210
0,272,1,470
0,272,0,210
0,272,2,250
0,272,0,210
0,272,1,210
0,272,0,260
0,272,2,200
0,272,0,260
0,272,1,170
0,272,0,260
0,272,2,390
0,272,0,210
0,272,1,380
0,272,0,260
0,272,2,410
0,272,0,60
0,273,0,280
0,273,1,320
0,273,0,210
0,273,2,190
0,273,0,210
0,273,1,350
0,273,0,260
0,273,2,310
0,273,0,210
0,273,1,180
0,273,0,260
0,273,2,330
0,273,0,210
0,273,1,170
0,273,0,260
0,273,2,390
0,273,0,50
0,274,0,650
0,275,0,440
0,275,1,190
0,275,0,260
0,275,2,190
0,275,0,130
0,276,0,280
0,276,1,320
0,276,0,210
0,276,2,190
0,276,0,210
0,276,1,260
0,276,0,210
0,276,2,460
0,276,0,90
0,277,0,600
0,277,1,270
0,277,0,260
0,277,2,190
0,277,0,210
0,277,1,170
0,277,0,30
0,278,0,600
0,278,1,190
0,278,0,260
0,278,2,190
0,278,0,210
0,278,1,440
0,278,0,260
0,279,0,600
0,279,1,160
0,280,0,240
0,280,1,330
0,280,0,260
0,280,2,190
0,280,0,210
0,280,1,50
0,281,0,680
0,281,1,150
0,281,0,260
0,281,2,190
0,281,0,210
0,281,1,240
0,281,0,210
0,281,2,330
0,281,0,210
0,281,1,180
0,281,0,210
0,281,2,170
0,282,0,300
0,282,1,130
0,282,0,210
0,282,2,190
0,282,0,210
0,282,1,370
0,282,0,210
0,282,2,370
0,282,0,260
0,282,1,290
0,282,0,260
0,282,2,60
0,283,0,300
0,283,1,270
0,283,0,210
0,283,2,190
0,283,0,210
0,283,1,640
0,283,0,260
0,283,2,450
0,283,0,210
0,283,1,440
0,283,0,260
0,283,2,290
0,283,0,260
0,283,1,1090
0,283,0,260
0,283,2,300
0,283,0,260
0,283,1,250
0,283,0,260
0,283,2,170
0,283,0,260
0,283,1,320
0,283,0,260
0,283,2,200
0,283,0,210
0,283,1,200
0,283,0,260
0,283,2,200
0,283,0,260
0,283,1,200
0,283,0,210
0,283,2,70
0,284,0,260
0,284,1,240
0,284,0,210
0,284,2,190
0,284,0,210
0,284,1,300
0,284,0,210
0,284,2,610
0,284,0,260
0,284,1,510
0,284,0,210
0,284,2,530
0,284,0,140
0,285,0,380
0,285,1,190
0,285,0,260
0,285,2,190
0,285,0,260
0,285,1,270
0,285,0,260
0,285,2,430
0,285,0,260
0,285,1,440
0,285,0,210
0,285,2,190
0,285,0,210
0,285,1,130
0,286,0,260
0,286,1,320
0,286,0,210
0,286,2,190
0,286,0,260
0,286,1,350
0,286,0,260
0,286,2,300
0,286,0,210
0,286,1,150
0,287,0,330
0,287,1,330
0,287,0,210
0,287,2,190
0,287,0,260
0,287,1,1090
0,287,0,210
0,287,2,430
0,287,0,210
0,287,1,170
0,287,0,210
0,287,2,300
0,287,0,240
0,288,0,330
0,288,1,170
0,288,0,260
0,288,2,190
0,288,0,200
0,289,0,270
0,289,1,210
0,289,0,260
0,289,2,190
0,289,0,210
0,289,1,210
0,289,0,210
0,289,2,420
0,289,0,210
0,289,1,350
0,289,0,210
0,289,2,40
0,290,0,460
0,290,1,300
0,290,0,210
0,290,2,190
0,290,0,210
0,290,1,350
0,290,0,210
0,290,2,310
0,291,0,330
0,291,1,240
0,291,0,210
0,291,2,190
0,291,0,210
0,291,1,340
0,291,0,260
0,291,2,430
0,291,0,260
0,291,1,270
0,291,0,210
0,291,2,460
0,291,0,40
0,292,0,380
0,292,1,300
0,292,0,210
0,292,2,190
0,292,0,210
0,292,1,320
0,292,0,110
0,293,0,270
0,293,1,170
0,293,0,260
0,293,2,190
0,293,0,210
0,293,1,460
0,293,0,210
0,293,2,360
0,293,0,210
0,293,1,460
0,293,0,210
0,293,2,340
0,293,0,260
0,293,1,260
0,293,0,260
0,293,2,310
0,294,0,270
0,294,1,300
0,294,0,210
0,294,2,190
0,294,0,260
0,294,1,350
0,294,0,100
0,295,0,680
0,295,1,170
0,295,0,210
0,295,2,190
0,295,0,210
0,295,1,360
0,295,0,210
0,295,2,360
0,295,0,80
0,296,0,230
0,296,1,130
0,296,0,260
0,296,2,190
0,296,0,210
0,296,1,180
0,296,0,210
0,296,2,260
0,296,0,260
0,296,1,180
0,296,0,210
0,296,2,370
0,296,0,260
0,296,1,350
0,296,0,20
0,297,0,270
0,297,1,190
0,297,0,210
0,297,2,190
0,297,0,210
0,297,1,780
0,298,0,370
0,298,1,150
0,298,0,260
0,298,2,190
0,298,0,170
0,299,0,260
0,299,1,130
0,299,0,210
0,299,2,190
0,299,0,210
0,299,1,240
0,300,0,440
0,300,1,110
0,300,0,260
0,300,2,190
0,301,0,370
0,301,1,110
0,301,0,210
0,301,2,210
0,301,0,260
0,301,1,370
0,301,0,260
0,301,2,290
0,301,0,260
0,301,1,280
0,301,0,260
0,301,2,160
0,302,0,270
0,302,1,110
0,302,0,260
0,302,2,210
0,302,0,260
0,302,1,170
0,302,0,210
0,302,2,280
0,302,0,260
0,302,1,170
0,302,0,210
0,302,2,420
0,302,0,260
0,302,1,280
0,302,0,210
0,302,2,280
0,302,0,210
0,302,1,370
0,302,0,260
0,302,2,160
0,302,0,210
0,302,1,320
0,302,0,210
0,302,2,160
0,302,0,260
0,302,1,360
0,302,0,260
0,302,2,370
0,302,0,260
0,302,1,290
0,302,0,260
0,302,2,280
0,302,0,260
0,302,1,280
0,302,0,260
0,302,2,30
0,303,0,440
0,303,1,110
0,303,0,210
0,303,2,210
0,303,0,260
0,303,1,360
0,303,0,260
0,303,2,160
0,303,0,260
0,303,1,850
0,303,0,260
0,303,2,280
0,303,0,260
0,303,1,850
0,303,0,210
0,303,2,370
0,303,0,210
0,303,1,290
0,303,0,260
0,303,2,110
0,304,0,240
0,304,1,110
0,304,0,260
0,304,2,210
0,304,0,210
0,304,1,360
0,304,0,210
0,304,2,290
0,304,0,260
0,304,1,340
0,304,0,260
0,304,2,160
0,304,0,130
0,305,0,260
0,305,1,110
0,305,0,210
0,305,2,210
0,305,0,260
0,305,1,850
0,305,0,210
0,305,2,420
0,305,0,260
0,305,1,290
0,305,0,210
0,305,2,50
0,306,0,330
0,306,1,110
0,306,0,260
0,306,2,210
0,306,0,210
0,306,1,170
0,306,0,210
0,306,2,160
0,306,0,210
0,306,1,120
0,307,0,240
0,307,1,110
0,307,0,260
0,307,2,210
0,307,0,260
0,307,1,170
0,307,0,210
0,307,2,160
0,307,0,210
0,307,1,170
0,307,0,260
0,307,2,280
0,307,0,260
0,307,1,260
0,308,0,460
0,308,1,110
0,308,0,210
0,308,2,210
0,308,0,210
0,308,1,340
0,308,0,70
0,309,0,680
0,309,1,110
0,309,0,260
0,309,2,210
0,309,0,260
0,309,1,850
0,309,0,260
0,309,2,370
0,309,0,210
0,309,1,40
0,310,0,300
0,310,1,110
0,310,0,210
0,310,2,210
0,310,0,210
0,310,1,320
0,310,0,10
0,311,0,680
0,311,1,110
0,311,0,210
0,311,2,210
0,311,0,210
0,311,1,370
0,311,0,120
0,312,0,260
0,312,1,110
0,312,0,210
0,312,2,210
0,312,0,210
0,312,1,320
0,312,0,210
0,312,2,160
0,312,0,210
0,312,1,320
0,312,0,260
0,312,2,290
0,312,0,210
0,312,1,120
0,313,0,270
0,313,1,110
0,313,0,210
0,313,2,210
0,313,0,210
0,313,1,290
0,313,0,210
0,313,2,290
0,313,0,210
0,313,1,280
0,313,0,140
0,314,0,380
0,314,1,110
0,314,0,210
0,314,2,210
0,314,0,210
0,314,1,370
0,314,0,260
0,314,2,160
0,314,0,260
0,314,1,340
0,314,0,210
0,314,2,290
0,314,0,210
0,314,1,110
0,315,0,370
0,315,1,110
0,315,0,210
0,315,2,210
0,315,0,100
0,316,0,250
0,316,1,110
0,316,0,260
0,316,2,210
0,316,0,210
0,316,1,280
0,316,0,260
0,316,2,160
0,316,0,260
0,316,1,280
0,316,0,210
0,316,2,160
0,316,0,260
0,316,1,150
0,317,0,260
0,317,1,110
0,317,0,260
0,317,2,210
0,317,0,260
0,317,1,320
0,317,0,160
0,318,0,260
0,318,1,110
0,318,0,260
0,318,2,210
0,318,0,260
0,318,1,370
0,318,0,260
0,318,2,290
0,318,0,210
0,318,1,170
0,318,0,210
0,318,2,200
0,319,0,260
0,319,1,110
0,319,0,210
0,319,2,210
0,319,0,260
0,319,1,850
0,319,0,210
0,319,2,370
0,319,0,260
0,319,1,290
0,319,0,210
0,319,2,290
0,319,0,210
0,319,1,320
0,319,0,210
0,319,2,370
0,319,0,260
0,319,1,290
0,319,0,260
0,319,2,160
0,319,0,210
0,319,1,170
0,320,0,250
0,320,1,110
0,320,0,260
0,320,2,210
0,320,0,210
0,320,1,160
0,321,0,270
0,321,1,110
0,321,0,260
0,321,2,210
0,321,0,210
0,321,1,170
0,321,0,260
0,321,2,370
0,321,0,260
0,321,1,200
0,322,0,270
0,322,1,110
0,322,0,210
0,322,2,210
0,322,0,190
0,323,0,600
0,323,1,110
0,323,0,210
0,323,2,210
0,323,0,210
0,323,1,290
0,323,0,210
0,323,2,370
0,323,0,260
0,323,1,290
0,323,0,210
0,323,2,280
0,323,0,260
0,323,1,340
0,324,0,280
0,324,1,110
0,324,0,260
0,324,2,210
0,324,0,210
0,324,1,170
0,324,0,260
0,324,2,370
0,324,0,260
0,324,1,320
0,324,0,260
0,324,2,420
0,324,0,210
0,324,1,290
0,324,0,210
0,324,2,160
0,325,0,240
0,325,1,110
0,325,0,260
0,325,2,210
0,325,0,260
0,325,1,280
0,326,0,260
0,326,1,110
0,326,0,260
0,326,2,210
0,326,0,260
0,326,1,370
0,326,0,260
0,326,2,280
0,326,0,210
0,326,1,280
0,326,0,260
0,326,2,290
0,326,0,210
0,326,1,340
0,326,0,210
0,326,2,280
0,326,0,210
0,326,1,280
0,326,0,140
0,327,0,380
0,327,1,110
0,327,0,260
0,327,2,210
0,327,0,260
0,327,1,360
0,327,0,260
0,327,2,290
0,327,0,210
0,327,1,340
0,327,0,200
0,328,0,230
0,328,1,110
0,328,0,260
0,328,2,210
0,328,0,210
0,328,1,340
0,328,0,210
0,328,2,290
0,328,0,210
0,328,1,370
0,328,0,80
0,329,0,440
0,329,1,110
0,329,0,260
0,329,2,210
0,329,0,260
0,329,1,360
0,329,0,50
0,330,0,680
0,330,1,110
0,330,0,260
0,330,2,210
0,330,0,210
0,330,1,210
0,331,0,260
0,331,1,110
0,331,0,210
0,331,2,210
0,331,0,260
0,331,1,320
0,331,0,260
0,331,2,290
0,331,0,260
0,331,1,370
0,331,0,210
0,331,2,160
0,331,0,210
0,331,1,850
0,331,0,260
0,331,2,160
0,331,0,260
0,331,1,340
0,331,0,260
0,331,2,280
0,331,0,210
0,331,1,130
0,332,0,390
0,332,1,110
0,332,0,210
0,332,2,210
0,332,0,260
0,332,1,280
0,332,0,240
0,333,0,260
0,333,1,110
0,333,0,260
0,333,2,210
0,333,0,260
0,333,1,170
0,333,0,260
0,333,2,280
0,333,0,260
0,333,1,170
0,333,0,10
0,334,0,260
0,334,1,110
0,334,0,260
0,334,2,210
0,334,0,260
0,334,1,850
0,334,0,260
0,334,2,290
0,335,0,260
0,335,1,110
0,335,0,260
0,335,2,90
0,336,0,300
0,336,1,110
0,336,0,210
0,336,2,210
0,336,0,210
0,336,1,370
0,336,0,210
0,336,2,280
0,336,0,260
0,336,1,280
0,336,0,260
0,336,2,420
0,336,0,260
0,336,1,280
0,336,0,210
0,336,2,280
0,336,0,260
0,336,1,170
0,336,0,210
0,336,2,370
0,336,0,260
0,336,1,320
0,336,0,260
0,336,2,280
0,336,0,260
0,336,1,280
0,336,0,260
0,336,2,420
0,336,0,200
0,337,0,260
0,337,1,110
0,337,0,210
0,337,2,210
0,337,0,260
0,337,1,290
0,337,0,210
0,337,2,160
0,337,0,210
0,337,1,290
0,338,0,600
0,338,1,110
0,338,0,210
0,338,2,210
0,338,0,210
0,338,1,370
0,338,0,260
0,338,2,160
0,339,0,260
0,339,1,110
0,339,0,210
0,339,2,210
0,339,0,210
0,339,1,280
0,339,0,40
0,340,0,600
0,340,1,110
0,340,0,210
0,340,2,210
0,340,0,250
0,341,0,260
0,341,1,110
0,341,0,210
0,341,2,210
0,341,0,260
0,341,1,280
0,341,0,260
0,341,2,160
0,341,0,260
0,341,1,170
0,341,0,260
0,341,2,420
0,341,0,210
0,341,1,290
0,341,0,210
0,341,2,280
0,341,0,260
0,341,1,360
0,341,0,210
0,341,2,420
0,341,0,260
0,341,1,170
0,341,0,160
0,342,0,390
0,342,1,110
0,342,0,260
0,342,2,210
0,342,0,210
0,342,1,320
0,342,0,210
0,342,2,290
0,342,0,210
0,342,1,370
0,342,0,260
0,342,2,160
0,342,0,210
0,342,1,40
0,343,0,460
0,343,1,110
0,343,0,210
0,343,2,210
0,343,0,210
0,343,1,170
0,343,0,260
0,343,2,160
0,343,0,210
0,343,1,170
0,343,0,20
0,344,0,390
0,344,1,110
0,344,0,260
0,344,2,210
0,344,0,260
0,344,1,850
0,344,0,210
0,344,2,280
0,344,0,210
0,344,1,370
0,344,0,210
0,344,2,420
0,344,0,210
0,344,1,270
0,345,0,680
0,345,1,110
0,345,0,210
0,345,2,210
0,345,0,210
0,345,1,340
0,345,0,260
0,345,2,160
0,345,0,260
0,345,1,370
0,345,0,210
0,345,2,280
0,345,0,210
0,345,1,320
0,345,0,140
0,346,0,380
0,346,1,110
0,346,0,170
0,347,0,230
0,347,1,110
0,347,0,210
0,347,2,210
0,347,0,210
0,347,1,30
0,348,0,460
0,348,1,110
0,348,0,210
0,348,2,210
0,348,0,260
0,348,1,360
0,348,0,260
0,348,2,420
0,348,0,210
0,348,1,290
0,348,0,210
0,348,2,20
0,349,0,440
0,349,1,110
0,349,0,40
0,350,0,370
0,350,1,110
0,350,0,260
0,350,2,210
0,350,0,210
0,350,1,70
0,351,0,270
0,351,1,110
0,351,0,260
0,351,2,210
0,351,0,260
0,351,1,280
0,351,0,210
0,351,2,370
0,351,0,210
0,351,1,110
0,352,0,270
0,352,1,110
0,352,0,260
0,352,2,210
0,352,0,210
0,352,1,850
0,352,0,210
0,352,2,280
0,352,0,230
0,353,0,460
0,353,1,110
0,353,0,210
0,353,2,210
0,353,0,210
0,353,1,320
0,353,0,10
0,354,0,250
0,354,1,110
0,354,0,260
0,354,2,210
0,354,0,210
0,354,1,30
0,355,0,250
0,355,1,110
0,355,0,260
0,355,2,210
0,355,0,210
0,355,1,370
0,355,0,260
0,355,2,290
0,355,0,210
0,355,1,290
0,355,0,260
0,355,2,290
0,355,0,210
0,355,1,280
0,355,0,210
0,355,2,290
0,355,0,260
0,355,1,340
0,355,0,210
0,355,2,290
0,355,0,260
0,355,1,290
0,355,0,260
0,355,2,160
0,355,0,260
0,355,1,30
0,356,0,380
0,356,1,110
0,356,0,210
0,356,2,210
0,356,0,210
0,356,1,280
0,356,0,210
0,356,2,260
0,357,0,270
0,357,1,110
0,357,0,260
0,357,2,210
0,357,0,260
0,357,1,170
0,357,0,210
0,357,2,420
0,357,0,210
0,357,1,310
0,358,0,230
0,358,1,110
0,358,0,210
0,358,2,210
0,358,0,210
0,358,1,370
0,358,0,260
0,358,2,160
0,358,0,210
0,358,1,370
0,358,0,260
0,358,2,280
0,358,0,210
0,358,1,370
0,358,0,210
0,358,2,40
0,359,0,260
0,359,1,110
0,359,0,260
0,359,2,210
0,359,0,210
0,359,1,280
0,359,0,260
0,359,2,420
0,359,0,210
0,359,1,850
0,359,0,210
0,359,2,290
0,359,0,210
0,359,1,150
0,360,0,240
0,360,1,110
0,360,0,260
0,360,2,210
0,360,0,210
0,360,1,170
0,360,0,210
0,360,2,280
0,360,0,210
0,360,1,280
0,360,0,260
0,360,2,370
0,360,0,210
0,360,1,850
0,360,0,210
0,360,2,280
0,360,0,260
0,360,1,320
0,360,0,210
0,360,2,10
0,361,0,600
0,361,1,110
0,361,0,60
0,362,0,390
0,362,1,110
0,362,0,210
0,362,2,210
0,362,0,260
0,362,1,280
0,362,0,160
0,363,0,570
0,364,0,260
0,364,1,110
0,364,0,260
0,364,2,210
0,364,0,260
0,364,1,290
0,364,0,260
0,364,2,160
0,364,0,260
0,364,1,370
0,364,0,260
0,364,2,370
0,364,0,210
0,364,1,280
0,364,0,210
0,364,2,280
0,364,0,260
0,364,1,320
0,364,0,210
0,364,2,280
0,364,0,210
0,364,1,850
0,364,0,260
0,364,2,290
0,364,0,260
0,364,1,280
0,364,0,210
0,364,2,160
0,364,0,260
0,364,1,20
0,365,0,460
0,366,0,330
0,366,1,110
0,366,0,250
0,367,0,600
0,367,1,110
0,367,0,260
0,367,2,210
0,367,0,210
0,367,1,170
0,367,0,260
0,367,2,290
0,367,0,260
0,367,1,850
0,367,0,210
0,367,2,160
0,367,0,210
0,367,1,290
0,367,0,210
0,367,2,420
0,367,0,210
0,367,1,290
0,367,0,210
0,367,2,420
0,367,0,260
0,367,1,170
0,367,0,210
0,367,2,290
0,367,0,210
0,367,1,370
0,367,0,260
0,367,2,280
0,367,0,260
0,367,1,360
0,367,0,210
0,367,2,290
0,367,0,260
0,367,1,360
0,367,0,210
0,367,2,280
0,367,0,210
0,367,1,550
0,368,0,460
0,368,1,110
0,368,0,260
0,368,2,210
0,368,0,210
0,368,1,340
0,368,0,210
0,368,2,150
0,369,0,300
0,369,1,110
0,369,0,210
0,369,2,210
0,369,0,210
0,369,1,340
0,369,0,260
0,369,2,260
0,370,0,230
0,370,1,110
0,370,0,260
0,370,2,210
0,370,0,260
0,370,1,340
0,370,0,210
0,370,2,280
0,370,0,260
0,370,1,290
0,370,0,210
0,370,2,420
0,370,0,260
0,370,1,370
0,370,0,120
0,371,0,260
0,371,1,110
0,371,0,260
0,371,2,210
0,371,0,260
0,371,1,850
0,371,0,180
0,372,0,390
0,372,1,110
0,372,0,260
0,372,2,210
0,372,0,210
0,372,1,320
0,372,0,260
0,372,2,370
0,372,0,230
0,373,0,240
0,373,1,110
0,373,0,210
0,373,2,210
0,373,0,210
0,373,1,370
0,373,0,210
0,373,2,370
0,373,0,260
0,373,1,280
0,373,0,210
0,373,2,420
0,373,0,210
0,373,1,170
0,373,0,210
0,373,2,370
0,373,0,210
0,373,1,340
0,373,0,210
0,373,2,290
0,373,0,260
0,373,1,290
0,373,0,20
0,374,0,680
0,374,1,110
0,374,0,210
0,374,2,120
0,375,0,440
0,375,1,110
0,375,0,260
0,375,2,90
0,376,0,300
0,376,1,110
0,376,0,210
0,376,2,210
0,376,0,260
0,376,1,170
0,376,0,260
0,376,2,80
0,377,0,330
0,377,1,110
0,377,0,210
0,377,2,160
0,378,0,260
0,378,1,110
0,378,0,210
0,378,2,210
0,378,0,80
0,379,0,370
0,379,1,110
0,379,0,210
0,379,2,210
0,379,0,210
0,379,1,290
0,379,0,210
0,379,2,370
0,379,0,210
0,379,1,850
0,379,0,210
0,379,2,370
0,379,0,210
0,379,1,290
0,379,0,260
0,379,2,370
0,379,0,210
0,379,1,230
0,380,0,240
0,380,1,110
0,380,0,260
0,380,2,210
0,380,0,210
0,380,1,170
0,380,0,210
0,380,2,150
0,381,0,680
0,381,1,110
0,381,0,210
0,381,2,210
0,381,0,210
0,381,1,280
0,381,0,260
0,381,2,280
0,381,0,260
0,381,1,340
0,381,0,120
0,382,0,280
0,382,1,110
0,382,0,210
0,382,2,210
0,382,0,260
0,382,1,290
0,382,0,260
0,382,2,210
0,383,0,260
0,383,1,110
0,383,0,260
0,383,2,210
0,383,0,260
0,383,1,340
0,383,0,210
0,383,2,280
0,383,0,260
0,383,1,130
0,384,0,240
0,384,1,110
0,384,0,260
0,384,2,210
0,384,0,210
0,384,1,370
0,384,0,260
0,384,2,280
0,384,0,150
0,385,0,680
0,385,1,110
0,385,0,260
0,385,2,210
0,385,0,210
0,385,1,280
0,385,0,210
0,385,2,290
0,385,0,260
0,385,1,280
0,385,0,260
0,385,2,160
0,385,0,210
0,385,1,370
0,385,0,260
0,385,2,290
0,385,0,210
0,385,1,360
0,385,0,260
0,385,2,420
0,385,0,210
0,385,1,170
0,385,0,110
0,386,0,300
0,386,1,110
0,386,0,210
0,386,2,210
0,386,0,260
0,386,1,370
0,386,0,260
0,386,2,160
0,386,0,260
0,386,1,370
0,386,0,210
0,386,2,290
0,386,0,260
0,386,1,360
0,387,0,240
0,387,1,110
0,387,0,260
0,387,2,210
0,387,0,260
0,387,1,160
0,388,0,390
0,388,1,110
0,388,0,260
0,388,2,210
0,388,0,210
0,388,1,510
0,389,0,260
0,389,1,110
0,389,0,210
0,389,2,210
0,389,0,210
0,389,1,370
0,389,0,260
0,389,2,370
0,389,0,210
0,389,1,170
0,389,0,140
0,390,0,260
0,390,1,110
0,390,0,260
0,390,2,210
0,390,0,260
0,390,1,170
0,390,0,260
0,390,2,370
0,390,0,20
0,391,0,260
0,391,1,110
0,391,0,260
0,391,2,210
0,391,0,260
0,391,1,850
0,391,0,210
0,391,2,280
0,391,0,210
0,391,1,340
0,391,0,210
0,391,2,370
0,391,0,260
0,391,1,340
0,391,0,260
0,391,2,160
0,391,0,210
0,391,1,170
0,391,0,260
0,391,2,290
0,391,0,120
0,392,0,280
0,392,1,110
0,392,0,260
0,392,2,210
0,392,0,210
0,392,1,360
0,392,0,260
0,392,2,290
0,392,0,260
0,392,1,340
0,392,0,210
0,392,2,290
0,392,0,260
0,392,1,360
0,392,0,260
0,392,2,420
0,392,0,210
0,392,1,340
0,392,0,210
0,392,2,280
0,392,0,210
0,392,1,320
0,392,0,260
0,392,2,370
0,392,0,210
0,392,1,360
0,392,0,210
0,392,2,280
0,392,0,260
0,392,1,290
0,392,0,260
0,392,2,110
0,393,0,260
0,393,1,110
0,393,0,210
0,393,2,210
0,393,0,210
0,393,1,100
0,394,0,270
0,394,1,110
0,394,0,110
0,395,0,260
0,395,1,110
0,395,0,210
0,395,2,210
0,395,0,210
0,395,1,170
0,395,0,210
0,395,2,280
0,395,0,190
0,396,0,370
0,396,1,110
0,396,0,260
0,396,2,210
0,396,0,210
0,396,1,60
0,397,0,390
0,397,1,110
0,397,0,210
0,397,2,210
0,397,0,260
0,397,1,340
0,397,0,260
0,397,2,130
0,398,0,260
0,398,1,110
0,398,0,210
0,398,2,210
0,398,0,250
0,399,0,260
0,399,1,110
0,399,0,210
0,399,2,210
0,399,0,100
0,400,0,440
0,400,1,160
0,400,0,260
0,400,2,320
0,400,0,210
0,400,1,290
0,400,0,210
0,400,2,290
0,400,0,210
0,400,1,420
0,400,0,260
0,400,2,340
0,400,0,210
0,400,1,160
0,400,0,260
0,400,2,40
0,401,0,380
0,401,1,160
0,401,0,260
0,401,2,320
0,401,0,210
0,401,1,160
0,401,0,260
0,401,2,370
0,401,0,260
0,401,1,370
0,401,0,260
0,401,2,280
0,401,0,210
0,401,1,280
0,401,0,210
0,401,2,850
0,401,0,210
0,401,1,280
0,401,0,260
0,401,2,340
0,401,0,210
0,401,1,290
0,401,0,210
0,401,2,360
0,401,0,210
0,401,1,370
0,401,0,260
0,401,2,360
0,401,0,210
0,401,1,280
0,401,0,210
0,401,2,320
0,401,0,260
0,401,1,100
0,402,0,250
0,402,1,160
0,402,0,260
0,402,2,20
0,403,0,260
0,403,1,160
0,403,0,210
0,403,2,320
0,403,0,210
0,403,1,290
0,403,0,210
0,403,2,340
0,403,0,260
0,403,1,280
0,403,0,260
0,403,2,290
0,403,0,210
0,403,1,370
0,403,0,210
0,403,2,340
0,403,0,210
0,403,1,290
0,403,0,260
0,403,2,340
0,403,0,260
0,403,1,290
0,403,0,120
0,404,0,330
0,404,1,160
0,404,0,260
0,404,2,320
0,404,0,260
0,404,1,420
0,404,0,210
0,404,2,100
0,405,0,260
0,405,1,160
0,405,0,260
0,405,2,320
0,405,0,210
0,405,1,280
0,405,0,210
0,405,2,360
0,405,0,210
0,405,1,290
0,405,0,180
0,406,0,300
0,406,1,160
0,406,0,260
0,406,2,320
0,406,0,260
0,406,1,160
0,406,0,210
0,406,2,280
0,406,0,210
0,406,1,420
0,406,0,210
0,406,2,170
0,406,0,260
0,406,1,290
0,406,0,260
0,406,2,360
0,406,0,260
0,406,1,280
0,406,0,260
0,406,2,320
0,406,0,260
0,406,1,290
0,406,0,120
0,407,0,280
0,407,1,160
0,407,0,210
0,407,2,320
0,407,0,210
0,407,1,290
0,407,0,210
0,407,2,360
0,407,0,210
0,407,1,420
0,407,0,260
0,407,2,280
0,407,0,210
0,407,1,290
0,407,0,140
0,408,0,390
0,408,1,160
0,408,0,260
0,408,2,320
0,408,0,210
0,408,1,280
0,408,0,180
0,409,0,240
0,409,1,160
0,409,0,260
0,409,2,320
0,409,0,210
0,409,1,50
0,410,0,260
0,410,1,160
0,410,0,260
0,410,2,130
0,411,0,460
0,411,1,160
0,411,0,210
0,411,2,190
0,412,0,600
0,412,1,160
0,412,0,260
0,412,2,320
0,412,0,210
0,412,1,160
0,412,0,210
0,412,2,280
0,412,0,260
0,412,1,280
0,412,0,210
0,412,2,370
0,412,0,260
0,412,1,420
0,412,0,260
0,412,2,340
0,412,0,260
0,412,1,420
0,412,0,260
0,412,2,360
0,412,0,260
0,412,1,280
0,412,0,260
0,412,2,280
0,412,0,260
0,412,1,160
0,412,0,260
0,412,2,850
0,412,0,260
0,412,1,420
0,412,0,260
0,412,2,310
0,413,0,270
0,413,1,160
0,413,0,210
0,413,2,320
0,413,0,40
0,414,0,270
0,414,1,160
0,414,0,260
0,414,2,320
0,414,0,260
0,414,1,420
0,414,0,260
0,414,2,370
0,414,0,260
0,414,1,280
0,414,0,210
0,414,2,290
0,414,0,210
0,414,1,420
0,414,0,260
0,414,2,360
0,414,0,210
0,414,1,370
0,414,0,210
0,414,2,470
0,415,0,240
0,415,1,160
0,415,0,210
0,415,2,320
0,415,0,210
0,415,1,280
0,415,0,210
0,415,2,290
0,415,0,260
0,415,1,370
0,415,0,260
0,415,2,850
0,415,0,260
0,415,1,160
0,415,0,260
0,415,2,290
0,415,0,210
0,415,1,10
0,416,0,260
0,416,1,160
0,416,0,260
0,416,2,320
0,416,0,210
0,416,1,160
0,416,0,260
0,416,2,280
0,416,0,260
0,416,1,290
0,416,0,260
0,416,2,170
0,416,0,260
0,416,1,160
0,416,0,260
0,416,2,340
0,416,0,210
0,416,1,160
0,417,0,260
0,417,1,160
0,417,0,260
0,417,2,20
0,418,0,600
0,418,1,160
0,418,0,210
0,418,2,320
0,418,0,260
0,418,1,420
0,418,0,210
0,418,2,370
0,418,0,260
0,418,1,160
0,418,0,210
0,418,2,280
0,418,0,210
0,418,1,280
0,418,0,260
0,418,2,170
0,418,0,210
0,418,1,280
0,418,0,190
0,419,0,260
0,419,1,160
0,419,0,210
0,419,2,320
0,419,0,210
0,419,1,280
0,419,0,260
0,419,2,370
0,419,0,210
0,419,1,270
0,420,0,260
0,420,1,160
0,420,0,210
0,420,2,260
0,421,0,230
0,421,1,160
0,421,0,260
0,421,2,320
0,421,0,210
0,421,1,160
0,421,0,210
0,421,2,370
0,421,0,210
0,421,1,290
0,421,0,210
0,421,2,170
0,421,0,260
0,421,1,280
0,421,0,210
0,421,2,280
0,421,0,210
0,421,1,330
0,422,0,270
0,422,1,160
0,422,0,260
0,422,2,320
0,422,0,260
0,422,1,420
0,422,0,260
0,422,2,570
0,423,0,260
0,423,1,160
0,423,0,80
0,424,0,460
0,424,1,160
0,424,0,210
0,424,2,320
0,424,0,260
0,424,1,370
0,424,0,210
0,424,2,850
0,424,0,210
0,424,1,160
0,424,0,260
0,424,2,370
0,424,0,210
0,424,1,420
0,424,0,130
0,425,0,380
0,425,1,160
0,425,0,260
0,425,2,320
0,425,0,130
0,426,0,460
0,426,1,160
0,426,0,210
0,426,2,320
0,426,0,210
0,426,1,370
0,426,0,210
0,426,2,370
0,426,0,210
0,426,1,280
0,426,0,260
0,426,2,280
0,426,0,260
0,426,1,90
0,427,0,250
0,427,1,160
0,427,0,210
0,427,2,320
0,427,0,210
0,427,1,420
0,427,0,260
0,427,2,90
0,428,0,390
0,428,1,160
0,428,0,210
0,428,2,320
0,428,0,210
0,428,1,420
0,428,0,60
0,429,0,380
0,429,1,160
0,429,0,260
0,429,2,320
0,429,0,210
0,429,1,180
0,430,0,370
0,430,1,160
0,430,0,210
0,430,2,320
0,430,0,260
0,430,1,70
0,431,0,370
0,431,1,160
0,431,0,260
0,431,2,320
0,431,0,120
0,432,0,260
0,432,1,160
0,432,0,260
0,432,2,320
0,432,0,260
0,432,1,160
0,432,0,20
0,433,0,240
0,433,1,160
0,433,0,210
0,433,2,320
0,433,0,210
0,433,1,370
0,433,0,260
0,433,2,290
0,433,0,260
0,433,1,280
0,433,0,210
0,433,2,290
0,433,0,210
0,433,1,160
0,433,0,210
0,433,2,370
0,433,0,260
0,433,1,370
0,433,0,50
0,434,0,680
0,434,1,160
0,434,0,210
0,434,2,320
0,434,0,210
0,434,1,140
0,435,0,600
0,435,1,160
0,435,0,260
0,435,2,320
0,435,0,260
0,435,1,280
0,435,0,210
0,435,2,170
0,435,0,260
0,435,1,290
0,435,0,260
0,435,2,280
0,435,0,210
0,435,1,280
0,435,0,220
0,436,0,440
0,436,1,160
0,436,0,210
0,436,2,320
0,436,0,210
0,436,1,280
0,436,0,210
0,436,2,240
0,437,0,300
0,437,1,160
0,437,0,210
0,437,2,210
0,438,0,240
0,438,1,160
0,438,0,210
0,438,2,260
0,439,0,280
0,439,1,160
0,439,0,260
0,439,2,320
0,439,0,210
0,439,1,160
0,439,0,260
0,439,2,170
0,439,0,260
0,439,1,290
0,439,0,260
0,439,2,170
0,439,0,210
0,439,1,370
0,439,0,260
0,439,2,170
0,439,0,260
0,439,1,420
0,440,0,370
0,440,1,160
0,440,0,260
0,440,2,320
0,440,0,260
0,440,1,420
0,440,0,210
0,440,2,40
0,441,0,250
0,441,1,160
0,441,0,210
0,441,2,320
0,441,0,210
0,441,1,160
0,441,0,210
0,441,2,370
0,441,0,260
0,441,1,280
0,441,0,260
0,441,2,340
0,441,0,210
0,441,1,160
0,441,0,210
0,441,2,290
0,441,0,90
0,442,0,600
0,442,1,160
0,442,0,260
0,442,2,320
0,442,0,260
0,442,1,290
0,442,0,170
0,443,0,260
0,443,1,160
0,443,0,210
0,443,2,320
0,443,0,210
0,443,1,290
0,443,0,260
0,443,2,120
0,444,0,460
0,444,1,70
0,445,0,250
0,445,1,160
0,445,0,260
0,445,2,320
0,445,0,210
0,445,1,160
0,445,0,80
0,446,0,240
0,446,1,160
0,446,0,210
0,446,2,320
0,446,0,210
0,446,1,50
0,447,0,300
0,447,1,160
0,447,0,210
0,447,2,320
0,447,0,260
0,447,1,420
0,447,0,50
0,448,0,430
0,449,0,460
0,449,1,40
0,450,0,250
0,450,1,160
0,450,0,180
0,451,0,280
0,451,1,160
0,451,0,260
0,451,2,320
0,451,0,210
0,451,1,220
0,452,0,440
0,452,1,160
0,452,0,210
0,452,2,140
0,453,0,380
0,453,1,160
0,453,0,260
0,453,2,320
0,453,0,260
0,453,1,290
0,453,0,210
0,453,2,170
0,453,0,210
0,453,1,280
0,453,0,210
0,453,2,170
0,453,0,260
0,453,1,420
0,453,0,260
0,453,2,360
0,453,0,260
0,453,1,290
0,453,0,260
0,453,2,340
0,453,0,210
0,453,1,370
0,453,0,210
0,453,2,370
0,453,0,200
0,454,0,440
0,454,1,130
0,455,0,300
0,455,1,160
0,455,0,260
0,455,2,320
0,455,0,210
0,455,1,420
0,455,0,260
0,455,2,820
0,456,0,230
0,456,1,160
0,456,0,210
0,456,2,320
0,456,0,210
0,456,1,160
0,456,0,210
0,456,2,320
0,456,0,210
0,456,1,120
0,457,0,260
0,457,1,160
0,457,0,210
0,457,2,320
0,457,0,210
0,457,1,290
0,457,0,210
0,457,2,290
0,457,0,50
0,458,0,240
0,458,1,160
0,458,0,210
0,458,2,320
0,458,0,260
0,458,1,280
0,458,0,210
0,458,2,370
0,458,0,210
0,458,1,280
0,458,0,210
0,458,2,850
0,458,0,260
0,458,1,420
0,458,0,210
0,458,2,280
0,458,0,210
0,458,1,280
0,458,0,210
0,458,2,240
0,459,0,330
0,459,1,160
0,459,0,210
0,459,2,320
0,459,0,210
0,459,1,280
0,459,0,210
0,459,2,340
0,459,0,210
0,459,1,280
0,459,0,210
0,459,2,360
0,459,0,260
0,459,1,370
0,459,0,150
0,460,0,300
0,460,1,160
0,460,0,210
0,460,2,320
0,460,0,260
0,460,1,380
0,461,0,230
0,461,1,160
0,461,0,260
0,461,2,320
0,461,0,260
0,461,1,280
0,461,0,260
0,461,2,320
0,461,0,210
0,461,1,160
0,461,0,210
0,461,2,290
0,462,0,390
0,462,1,160
0,462,0,210
0,462,2,320
0,462,0,210
0,462,1,370
0,462,0,210
0,462,2,850
0,462,0,210
0,462,1,280
0,462,0,260
0,462,2,290
0,462,0,210
0,462,1,180
0,463,0,600
0,463,1,160
0,463,0,210
0,463,2,320
0,463,0,260
0,463,1,160
0,463,0,260
0,463,2,290
0,463,0,210
0,463,1,290
0,463,0,260
0,463,2,370
0,463,0,260
0,463,1,280
0,463,0,210
0,463,2,240
0,464,0,370
0,464,1,160
0,464,0,210
0,464,2,320
0,464,0,260
0,464,1,420
0,464,0,210
0,464,2,360
0,464,0,210
0,464,1,420
0,464,0,260
0,464,2,340
0,464,0,210
0,464,1,160
0,464,0,20
0,465,0,460
0,465,1,160
0,465,0,210
0,465,2,320
0,465,0,260
0,465,1,290
0,465,0,210
0,465,2,280
0,465,0,260
0,465,1,160
0,465,0,210
0,465,2,280
0,465,0,210
0,465,1,160
0,465,0,210
0,465,2,280
0,465,0,210
0,465,1,370
0,465,0,260
0,465,2,280
0,465,0,210
0,465,1,280
0,466,0,260
0,466,1,160
0,466,0,210
0,466,2,320
0,466,0,260
0,466,1,420
0,466,0,210
0,466,2,370
0,466,0,260
0,466,1,160
0,466,0,210
0,466,2,360
0,466,0,260
0,466,1,370
0,466,0,210
0,466,2,360
0,466,0,260
0,466,1,280
0,466,0,210
0,466,2,320
0,466,0,260
0,466,1,100
0,467,0,270
0,467,1,160
0,467,0,210
0,467,2,320
0,467,0,260
0,467,1,290
0,467,0,210
0,467,2,320
0,467,0,260
0,467,1,180
0,468,0,680
0,468,1,160
0,468,0,260
0,468,2,320
0,468,0,260
0,468,1,160
0,468,0,210
0,468,2,170
0,468,0,210
0,468,1,280
0,468,0,160
0,469,0,260
0,469,1,160
0,469,0,260
0,469,2,320
0,469,0,210
0,469,1,420
0,469,0,210
0,469,2,290
0,469,0,260
0,469,1,420
0,469,0,260
0,469,2,290
0,469,0,210
0,470,0,380
0,470,1,160
0,470,0,210
0,470,2,320
0,470,0,210
0,470,1,280
0,470,0,210
0,470,2,360
0,470,0,210
0,470,1,160
0,470,0,260
0,470,2,570
0,471,0,230
0,471,1,160
0,471,0,260
0,471,2,320
0,471,0,260
0,471,1,420
0,471,0,210
0,471,2,110
0,472,0,300
0,472,1,160
0,472,0,210
0,472,2,320
0,472,0,260
0,472,1,290
0,472,0,210
0,472,2,170
0,472,0,210
0,472,1,320
0,473,0,240
0,473,1,160
0,473,0,260
0,473,2,320
0,473,0,260
0,473,1,160
0,473,0,160
0,474,0,260
0,474,1,160
0,474,0,210
0,474,2,320
0,474,0,260
0,474,1,290
0,474,0,260
0,474,2,180
0,475,0,260
0,475,1,160
0,475,0,210
0,475,2,320
0,475,0,260
0,475,1,370
0,475,0,260
0,475,2,340
0,475,0,260
0,475,1,370
0,475,0,210
0,475,2,320
0,475,0,210
0,475,1,420
0,475,0,210
0,475,2,340
0,475,0,260
0,475,1,420
0,475,0,260
0,475,2,360
0,475,0,210
0,475,1,350
0,476,0,460
0,476,1,160
0,476,0,210
0,476,2,320
0,476,0,210
0,476,1,280
0,477,0,260
0,477,1,160
0,477,0,210
0,477,2,320
0,477,0,210
0,477,1,370
0,477,0,180
0,478,0,260
0,478,1,160
0,478,0,210
0,478,2,320
0,478,0,260
0,478,1,370
0,478,0,260
0,478,2,170
0,478,0,30
0,479,0,280
0,479,1,160
0,479,0,210
0,479,2,130
0,480,0,260
0,480,1,160
0,480,0,210
0,480,2,320
0,480,0,210
0,480,1,290
0,480,0,260
0,480,2,290
0,480,0,210
0,480,1,160
0,480,0,260
0,480,2,340
0,480,0,240
0,481,0,330
0,481,1,160
0,481,0,260
0,481,2,320
0,481,0,210
0,481,1,370
0,481,0,260
0,481,2,340
0,481,0,210
0,481,1,420
0,481,0,210
0,481,2,170
0,482,0,260
0,482,1,160
0,482,0,210
0,482,2,320
0,482,0,210
0,482,1,370
0,482,0,260
0,482,2,850
0,482,0,210
0,482,1,160
0,482,0,210
0,482,2,170
0,483,0,330
0,483,1,160
0,483,0,210
0,483,2,320
0,483,0,230
0,484,0,260
0,484,1,160
0,484,0,210
0,484,2,320
0,484,0,260
0,484,1,360
0,485,0,240
0,485,1,160
0,485,0,260
0,485,2,320
0,485,0,260
0,485,1,50
0,486,0,460
0,486,1,160
0,486,0,260
0,486,2,320
0,486,0,210
0,486,1,370
0,486,0,260
0,486,2,360
0,486,0,210
0,486,1,370
0,486,0,260
0,486,2,500
0,487,0,270
0,487,1,160
0,487,0,260
0,487,2,320
0,487,0,260
0,487,1,160
0,487,0,260
0,487,2,340
0,487,0,260
0,487,1,160
0,487,0,210
0,487,2,340
0,487,0,260
0,487,1,240
0,488,0,390
0,488,1,160
0,488,0,260
0,488,2,320
0,488,0,260
0,488,1,290
0,488,0,260
0,488,2,850
0,488,0,50
0,489,0,370
0,489,1,160
0,489,0,210
0,489,2,320
0,489,0,210
0,489,1,420
0,489,0,260
0,489,2,170
0,489,0,210
0,489,1,280
0,489,0,260
0,489,2,290
0,489,0,210
0,489,1,160
0,489,0,200
0,490,0,460
0,490,1,160
0,490,0,210
0,490,2,320
0,491,0,520
0,492,0,260
0,492,1,160
0,492,0,260
0,492,2,320
0,492,0,210
0,492,1,280
0,492,0,260
0,492,2,280
0,492,0,210
0,492,1,370
0,492,0,210
0,492,2,320
0,492,0,260
0,492,1,250
0,493,0,460
0,493,1,160
0,493,0,260
0,493,2,320
0,493,0,210
0,493,1,160
0,493,0,210
0,493,2,280
0,493,0,260
0,493,1,280
0,493,0,260
0,493,2,260
0,494,0,370
0,494,1,160
0,494,0,260
0,494,2,320
0,494,0,210
0,494,1,160
0,494,0,210
0,494,2,20
0,495,0,240
0,495,1,160
0,495,0,210
0,495,2,290
0,496,0,530
0,497,0,280
0,497,1,160
0,497,0,210
0,497,2,320
0,497,0,260
0,497,1,280
0,497,0,210
0,497,2,340
0,497,0,260
0,497,1,160
0,497,0,260
0,497,2,610
0,498,0,680
0,498,1,160
0,498,0,210
0,498,2,320
0,498,0,210
0,498,1,160
0,498,0,210
0,498,2,340
0,498,0,260
0,498,1,160
0,499,0,260
0,499,1,160
0,499,0,260
0,499,2,320
0,499,0,30
